ISO-10303-21;
HEADER;
/* Generated by software containing ST-Developer
 * from STEP Tools, Inc. (www.steptools.com) 
 */

FILE_DESCRIPTION(
/* description */ (''),
/* implementation_level */ '2;1');

FILE_NAME(
/* name */ 'HackPad Case.step',
/* time_stamp */ '2026-08-16T16:26:04+01:00',
/* author */ (''),
/* organization */ (''),
/* preprocessor_version */ 'ST-DEVELOPER v20.1',
/* originating_system */ 'Autodesk Translation Framework v15.8.0.0',
/* authorisation */ '');

FILE_SCHEMA (('AUTOMOTIVE_DESIGN { 1 0 10303 214 3 1 1 }'));
ENDSEC;

DATA;
#10=MECHANICAL_DESIGN_GEOMETRIC_PRESENTATION_REPRESENTATION('',(#13,#14),
#2846);
#11=SHAPE_REPRESENTATION_RELATIONSHIP('SRR','None',#2853,#12);
#12=ADVANCED_BREP_SHAPE_REPRESENTATION('',(#15,#16),#2845);
#13=STYLED_ITEM('',(#2862),#15);
#14=STYLED_ITEM('',(#2862),#16);
#15=MANIFOLD_SOLID_BREP('Body1',#1689);
#16=MANIFOLD_SOLID_BREP('Body3',#1690);
#17=CYLINDRICAL_SURFACE('',#1722,1.45);
#18=CYLINDRICAL_SURFACE('',#1724,1.45);
#19=CYLINDRICAL_SURFACE('',#1726,1.45);
#20=CYLINDRICAL_SURFACE('',#1728,1.45);
#21=CYLINDRICAL_SURFACE('',#1731,2.5);
#22=CYLINDRICAL_SURFACE('',#1734,2.5);
#23=CYLINDRICAL_SURFACE('',#1736,2.5);
#24=CYLINDRICAL_SURFACE('',#1739,2.5);
#25=CYLINDRICAL_SURFACE('',#1742,1.45);
#26=CYLINDRICAL_SURFACE('',#1745,1.45);
#27=CYLINDRICAL_SURFACE('',#1748,1.45);
#28=CYLINDRICAL_SURFACE('',#1751,1.45);
#29=CYLINDRICAL_SURFACE('',#1755,2.5);
#30=CYLINDRICAL_SURFACE('',#1759,2.5);
#31=CYLINDRICAL_SURFACE('',#1763,2.5);
#32=CYLINDRICAL_SURFACE('',#1767,2.5);
#33=CYLINDRICAL_SURFACE('',#1771,0.499999999999998);
#34=CYLINDRICAL_SURFACE('',#1775,0.500000000000003);
#35=CYLINDRICAL_SURFACE('',#1779,0.499999999999998);
#36=CYLINDRICAL_SURFACE('',#1783,0.499999999999998);
#37=CYLINDRICAL_SURFACE('',#1787,0.499999999999998);
#38=CYLINDRICAL_SURFACE('',#1791,0.499999999999998);
#39=CYLINDRICAL_SURFACE('',#1795,0.499999999999998);
#40=CYLINDRICAL_SURFACE('',#1799,0.499999999999999);
#41=CYLINDRICAL_SURFACE('',#1803,0.500000000000003);
#42=CYLINDRICAL_SURFACE('',#1807,0.500000000000003);
#43=CYLINDRICAL_SURFACE('',#1811,0.499999999999998);
#44=CYLINDRICAL_SURFACE('',#1815,0.499999999999998);
#45=CYLINDRICAL_SURFACE('',#1819,0.499999999999998);
#46=CYLINDRICAL_SURFACE('',#1823,0.499999999999998);
#47=CYLINDRICAL_SURFACE('',#1827,0.499999999999998);
#48=CYLINDRICAL_SURFACE('',#1831,0.5);
#49=CYLINDRICAL_SURFACE('',#1835,0.500000000000003);
#50=CYLINDRICAL_SURFACE('',#1839,0.499999999999998);
#51=CYLINDRICAL_SURFACE('',#1843,0.499999999999998);
#52=CYLINDRICAL_SURFACE('',#1847,0.5);
#53=CYLINDRICAL_SURFACE('',#1851,0.499999999999998);
#54=CYLINDRICAL_SURFACE('',#1855,0.500000000000003);
#55=CYLINDRICAL_SURFACE('',#1859,0.499999999999998);
#56=CYLINDRICAL_SURFACE('',#1863,0.499999999999998);
#57=FACE_BOUND('',#254,.T.);
#58=FACE_BOUND('',#255,.T.);
#59=FACE_BOUND('',#256,.T.);
#60=FACE_BOUND('',#257,.T.);
#61=FACE_BOUND('',#275,.T.);
#62=FACE_BOUND('',#276,.T.);
#63=FACE_BOUND('',#277,.T.);
#64=FACE_BOUND('',#278,.T.);
#65=FACE_BOUND('',#340,.T.);
#66=FACE_BOUND('',#341,.T.);
#67=FACE_BOUND('',#342,.T.);
#68=FACE_BOUND('',#343,.T.);
#69=FACE_BOUND('',#344,.T.);
#70=FACE_BOUND('',#345,.T.);
#71=FACE_BOUND('',#346,.T.);
#72=FACE_BOUND('',#347,.T.);
#73=FACE_BOUND('',#348,.T.);
#74=FACE_BOUND('',#349,.T.);
#75=FACE_BOUND('',#351,.T.);
#76=FACE_BOUND('',#352,.T.);
#77=FACE_BOUND('',#353,.T.);
#78=FACE_BOUND('',#354,.T.);
#79=FACE_BOUND('',#355,.T.);
#80=FACE_BOUND('',#356,.T.);
#81=FACE_BOUND('',#357,.T.);
#82=FACE_BOUND('',#358,.T.);
#83=FACE_BOUND('',#359,.T.);
#84=FACE_BOUND('',#360,.T.);
#85=CIRCLE('',#1709,2.5);
#86=CIRCLE('',#1710,2.5);
#87=CIRCLE('',#1711,2.5);
#88=CIRCLE('',#1712,2.5);
#89=CIRCLE('',#1713,1.45);
#90=CIRCLE('',#1714,1.45);
#91=CIRCLE('',#1715,1.45);
#92=CIRCLE('',#1716,1.45);
#93=CIRCLE('',#1723,1.45);
#94=CIRCLE('',#1725,1.45);
#95=CIRCLE('',#1727,1.45);
#96=CIRCLE('',#1729,1.45);
#97=CIRCLE('',#1732,2.5);
#98=CIRCLE('',#1735,2.5);
#99=CIRCLE('',#1737,2.5);
#100=CIRCLE('',#1740,2.5);
#101=CIRCLE('',#1743,1.45);
#102=CIRCLE('',#1744,1.45);
#103=CIRCLE('',#1746,1.45);
#104=CIRCLE('',#1747,1.45);
#105=CIRCLE('',#1749,1.45);
#106=CIRCLE('',#1750,1.45);
#107=CIRCLE('',#1752,1.45);
#108=CIRCLE('',#1753,1.45);
#109=CIRCLE('',#1756,2.5);
#110=CIRCLE('',#1757,2.5);
#111=CIRCLE('',#1760,2.5);
#112=CIRCLE('',#1761,2.5);
#113=CIRCLE('',#1764,2.5);
#114=CIRCLE('',#1765,2.5);
#115=CIRCLE('',#1768,2.5);
#116=CIRCLE('',#1769,2.5);
#117=CIRCLE('',#1772,0.499999999999998);
#118=CIRCLE('',#1773,0.499999999999998);
#119=CIRCLE('',#1776,0.500000000000003);
#120=CIRCLE('',#1777,0.500000000000003);
#121=CIRCLE('',#1780,0.499999999999998);
#122=CIRCLE('',#1781,0.499999999999998);
#123=CIRCLE('',#1784,0.499999999999998);
#124=CIRCLE('',#1785,0.499999999999998);
#125=CIRCLE('',#1788,0.499999999999998);
#126=CIRCLE('',#1789,0.499999999999998);
#127=CIRCLE('',#1792,0.499999999999998);
#128=CIRCLE('',#1793,0.499999999999998);
#129=CIRCLE('',#1796,0.499999999999998);
#130=CIRCLE('',#1797,0.499999999999998);
#131=CIRCLE('',#1800,0.499999999999999);
#132=CIRCLE('',#1801,0.499999999999999);
#133=CIRCLE('',#1804,0.500000000000003);
#134=CIRCLE('',#1805,0.500000000000003);
#135=CIRCLE('',#1808,0.500000000000003);
#136=CIRCLE('',#1809,0.500000000000003);
#137=CIRCLE('',#1812,0.499999999999998);
#138=CIRCLE('',#1813,0.499999999999998);
#139=CIRCLE('',#1816,0.499999999999998);
#140=CIRCLE('',#1817,0.499999999999998);
#141=CIRCLE('',#1820,0.499999999999998);
#142=CIRCLE('',#1821,0.499999999999998);
#143=CIRCLE('',#1824,0.499999999999998);
#144=CIRCLE('',#1825,0.499999999999998);
#145=CIRCLE('',#1828,0.499999999999998);
#146=CIRCLE('',#1829,0.499999999999998);
#147=CIRCLE('',#1832,0.5);
#148=CIRCLE('',#1833,0.5);
#149=CIRCLE('',#1836,0.500000000000003);
#150=CIRCLE('',#1837,0.500000000000003);
#151=CIRCLE('',#1840,0.499999999999998);
#152=CIRCLE('',#1841,0.499999999999998);
#153=CIRCLE('',#1844,0.499999999999998);
#154=CIRCLE('',#1845,0.499999999999998);
#155=CIRCLE('',#1848,0.5);
#156=CIRCLE('',#1849,0.5);
#157=CIRCLE('',#1852,0.499999999999998);
#158=CIRCLE('',#1853,0.499999999999998);
#159=CIRCLE('',#1856,0.500000000000003);
#160=CIRCLE('',#1857,0.500000000000003);
#161=CIRCLE('',#1860,0.499999999999998);
#162=CIRCLE('',#1861,0.499999999999998);
#163=CIRCLE('',#1864,0.499999999999998);
#164=CIRCLE('',#1865,0.499999999999998);
#165=FACE_OUTER_BOUND('',#249,.T.);
#166=FACE_OUTER_BOUND('',#250,.T.);
#167=FACE_OUTER_BOUND('',#251,.T.);
#168=FACE_OUTER_BOUND('',#252,.T.);
#169=FACE_OUTER_BOUND('',#253,.T.);
#170=FACE_OUTER_BOUND('',#258,.T.);
#171=FACE_OUTER_BOUND('',#259,.T.);
#172=FACE_OUTER_BOUND('',#260,.T.);
#173=FACE_OUTER_BOUND('',#261,.T.);
#174=FACE_OUTER_BOUND('',#262,.T.);
#175=FACE_OUTER_BOUND('',#263,.T.);
#176=FACE_OUTER_BOUND('',#264,.T.);
#177=FACE_OUTER_BOUND('',#265,.T.);
#178=FACE_OUTER_BOUND('',#266,.T.);
#179=FACE_OUTER_BOUND('',#267,.T.);
#180=FACE_OUTER_BOUND('',#268,.T.);
#181=FACE_OUTER_BOUND('',#269,.T.);
#182=FACE_OUTER_BOUND('',#270,.T.);
#183=FACE_OUTER_BOUND('',#271,.T.);
#184=FACE_OUTER_BOUND('',#272,.T.);
#185=FACE_OUTER_BOUND('',#273,.T.);
#186=FACE_OUTER_BOUND('',#274,.T.);
#187=FACE_OUTER_BOUND('',#279,.T.);
#188=FACE_OUTER_BOUND('',#280,.T.);
#189=FACE_OUTER_BOUND('',#281,.T.);
#190=FACE_OUTER_BOUND('',#282,.T.);
#191=FACE_OUTER_BOUND('',#283,.T.);
#192=FACE_OUTER_BOUND('',#284,.T.);
#193=FACE_OUTER_BOUND('',#285,.T.);
#194=FACE_OUTER_BOUND('',#286,.T.);
#195=FACE_OUTER_BOUND('',#287,.T.);
#196=FACE_OUTER_BOUND('',#288,.T.);
#197=FACE_OUTER_BOUND('',#289,.T.);
#198=FACE_OUTER_BOUND('',#290,.T.);
#199=FACE_OUTER_BOUND('',#291,.T.);
#200=FACE_OUTER_BOUND('',#292,.T.);
#201=FACE_OUTER_BOUND('',#293,.T.);
#202=FACE_OUTER_BOUND('',#294,.T.);
#203=FACE_OUTER_BOUND('',#295,.T.);
#204=FACE_OUTER_BOUND('',#296,.T.);
#205=FACE_OUTER_BOUND('',#297,.T.);
#206=FACE_OUTER_BOUND('',#298,.T.);
#207=FACE_OUTER_BOUND('',#299,.T.);
#208=FACE_OUTER_BOUND('',#300,.T.);
#209=FACE_OUTER_BOUND('',#301,.T.);
#210=FACE_OUTER_BOUND('',#302,.T.);
#211=FACE_OUTER_BOUND('',#303,.T.);
#212=FACE_OUTER_BOUND('',#304,.T.);
#213=FACE_OUTER_BOUND('',#305,.T.);
#214=FACE_OUTER_BOUND('',#306,.T.);
#215=FACE_OUTER_BOUND('',#307,.T.);
#216=FACE_OUTER_BOUND('',#308,.T.);
#217=FACE_OUTER_BOUND('',#309,.T.);
#218=FACE_OUTER_BOUND('',#310,.T.);
#219=FACE_OUTER_BOUND('',#311,.T.);
#220=FACE_OUTER_BOUND('',#312,.T.);
#221=FACE_OUTER_BOUND('',#313,.T.);
#222=FACE_OUTER_BOUND('',#314,.T.);
#223=FACE_OUTER_BOUND('',#315,.T.);
#224=FACE_OUTER_BOUND('',#316,.T.);
#225=FACE_OUTER_BOUND('',#317,.T.);
#226=FACE_OUTER_BOUND('',#318,.T.);
#227=FACE_OUTER_BOUND('',#319,.T.);
#228=FACE_OUTER_BOUND('',#320,.T.);
#229=FACE_OUTER_BOUND('',#321,.T.);
#230=FACE_OUTER_BOUND('',#322,.T.);
#231=FACE_OUTER_BOUND('',#323,.T.);
#232=FACE_OUTER_BOUND('',#324,.T.);
#233=FACE_OUTER_BOUND('',#325,.T.);
#234=FACE_OUTER_BOUND('',#326,.T.);
#235=FACE_OUTER_BOUND('',#327,.T.);
#236=FACE_OUTER_BOUND('',#328,.T.);
#237=FACE_OUTER_BOUND('',#329,.T.);
#238=FACE_OUTER_BOUND('',#330,.T.);
#239=FACE_OUTER_BOUND('',#331,.T.);
#240=FACE_OUTER_BOUND('',#332,.T.);
#241=FACE_OUTER_BOUND('',#333,.T.);
#242=FACE_OUTER_BOUND('',#334,.T.);
#243=FACE_OUTER_BOUND('',#335,.T.);
#244=FACE_OUTER_BOUND('',#336,.T.);
#245=FACE_OUTER_BOUND('',#337,.T.);
#246=FACE_OUTER_BOUND('',#338,.T.);
#247=FACE_OUTER_BOUND('',#339,.T.);
#248=FACE_OUTER_BOUND('',#350,.T.);
#249=EDGE_LOOP('',(#1081,#1082,#1083,#1084));
#250=EDGE_LOOP('',(#1085,#1086,#1087,#1088));
#251=EDGE_LOOP('',(#1089,#1090,#1091,#1092));
#252=EDGE_LOOP('',(#1093,#1094,#1095,#1096));
#253=EDGE_LOOP('',(#1097,#1098,#1099,#1100,#1101,#1102,#1103,#1104,#1105,
#1106,#1107,#1108,#1109,#1110,#1111,#1112));
#254=EDGE_LOOP('',(#1113));
#255=EDGE_LOOP('',(#1114));
#256=EDGE_LOOP('',(#1115));
#257=EDGE_LOOP('',(#1116));
#258=EDGE_LOOP('',(#1117,#1118,#1119,#1120,#1121,#1122,#1123,#1124));
#259=EDGE_LOOP('',(#1125,#1126,#1127,#1128,#1129,#1130,#1131,#1132));
#260=EDGE_LOOP('',(#1133,#1134,#1135,#1136));
#261=EDGE_LOOP('',(#1137,#1138,#1139,#1140));
#262=EDGE_LOOP('',(#1141,#1142,#1143,#1144));
#263=EDGE_LOOP('',(#1145,#1146,#1147,#1148));
#264=EDGE_LOOP('',(#1149,#1150,#1151,#1152));
#265=EDGE_LOOP('',(#1153,#1154,#1155,#1156));
#266=EDGE_LOOP('',(#1157,#1158,#1159,#1160));
#267=EDGE_LOOP('',(#1161,#1162,#1163,#1164));
#268=EDGE_LOOP('',(#1165,#1166,#1167,#1168));
#269=EDGE_LOOP('',(#1169,#1170,#1171,#1172));
#270=EDGE_LOOP('',(#1173,#1174,#1175,#1176));
#271=EDGE_LOOP('',(#1177,#1178,#1179,#1180));
#272=EDGE_LOOP('',(#1181,#1182,#1183,#1184));
#273=EDGE_LOOP('',(#1185,#1186,#1187,#1188));
#274=EDGE_LOOP('',(#1189,#1190,#1191,#1192,#1193,#1194,#1195,#1196));
#275=EDGE_LOOP('',(#1197));
#276=EDGE_LOOP('',(#1198));
#277=EDGE_LOOP('',(#1199));
#278=EDGE_LOOP('',(#1200));
#279=EDGE_LOOP('',(#1201,#1202,#1203,#1204));
#280=EDGE_LOOP('',(#1205,#1206,#1207,#1208));
#281=EDGE_LOOP('',(#1209,#1210,#1211,#1212));
#282=EDGE_LOOP('',(#1213,#1214,#1215,#1216));
#283=EDGE_LOOP('',(#1217,#1218,#1219,#1220));
#284=EDGE_LOOP('',(#1221,#1222,#1223,#1224));
#285=EDGE_LOOP('',(#1225,#1226,#1227,#1228));
#286=EDGE_LOOP('',(#1229,#1230,#1231,#1232));
#287=EDGE_LOOP('',(#1233,#1234,#1235,#1236));
#288=EDGE_LOOP('',(#1237,#1238,#1239,#1240));
#289=EDGE_LOOP('',(#1241,#1242,#1243,#1244));
#290=EDGE_LOOP('',(#1245,#1246,#1247,#1248));
#291=EDGE_LOOP('',(#1249,#1250,#1251,#1252));
#292=EDGE_LOOP('',(#1253,#1254,#1255,#1256));
#293=EDGE_LOOP('',(#1257,#1258,#1259,#1260));
#294=EDGE_LOOP('',(#1261,#1262,#1263,#1264));
#295=EDGE_LOOP('',(#1265,#1266,#1267,#1268));
#296=EDGE_LOOP('',(#1269,#1270,#1271,#1272));
#297=EDGE_LOOP('',(#1273,#1274,#1275,#1276));
#298=EDGE_LOOP('',(#1277,#1278,#1279,#1280));
#299=EDGE_LOOP('',(#1281,#1282,#1283,#1284));
#300=EDGE_LOOP('',(#1285,#1286,#1287,#1288));
#301=EDGE_LOOP('',(#1289,#1290,#1291,#1292));
#302=EDGE_LOOP('',(#1293,#1294,#1295,#1296));
#303=EDGE_LOOP('',(#1297,#1298,#1299,#1300));
#304=EDGE_LOOP('',(#1301,#1302,#1303,#1304));
#305=EDGE_LOOP('',(#1305,#1306,#1307,#1308));
#306=EDGE_LOOP('',(#1309,#1310,#1311,#1312));
#307=EDGE_LOOP('',(#1313,#1314,#1315,#1316));
#308=EDGE_LOOP('',(#1317,#1318,#1319,#1320));
#309=EDGE_LOOP('',(#1321,#1322,#1323,#1324));
#310=EDGE_LOOP('',(#1325,#1326,#1327,#1328));
#311=EDGE_LOOP('',(#1329,#1330,#1331,#1332));
#312=EDGE_LOOP('',(#1333,#1334,#1335,#1336));
#313=EDGE_LOOP('',(#1337,#1338,#1339,#1340));
#314=EDGE_LOOP('',(#1341,#1342,#1343,#1344));
#315=EDGE_LOOP('',(#1345,#1346,#1347,#1348));
#316=EDGE_LOOP('',(#1349,#1350,#1351,#1352));
#317=EDGE_LOOP('',(#1353,#1354,#1355,#1356));
#318=EDGE_LOOP('',(#1357,#1358,#1359,#1360));
#319=EDGE_LOOP('',(#1361,#1362,#1363,#1364));
#320=EDGE_LOOP('',(#1365,#1366,#1367,#1368));
#321=EDGE_LOOP('',(#1369,#1370,#1371,#1372));
#322=EDGE_LOOP('',(#1373,#1374,#1375,#1376));
#323=EDGE_LOOP('',(#1377,#1378,#1379,#1380));
#324=EDGE_LOOP('',(#1381,#1382,#1383,#1384));
#325=EDGE_LOOP('',(#1385,#1386,#1387,#1388));
#326=EDGE_LOOP('',(#1389,#1390,#1391,#1392));
#327=EDGE_LOOP('',(#1393,#1394,#1395,#1396));
#328=EDGE_LOOP('',(#1397,#1398,#1399,#1400));
#329=EDGE_LOOP('',(#1401,#1402,#1403,#1404));
#330=EDGE_LOOP('',(#1405,#1406,#1407,#1408));
#331=EDGE_LOOP('',(#1409,#1410,#1411,#1412));
#332=EDGE_LOOP('',(#1413,#1414,#1415,#1416));
#333=EDGE_LOOP('',(#1417,#1418,#1419,#1420));
#334=EDGE_LOOP('',(#1421,#1422,#1423,#1424));
#335=EDGE_LOOP('',(#1425,#1426,#1427,#1428));
#336=EDGE_LOOP('',(#1429,#1430,#1431,#1432));
#337=EDGE_LOOP('',(#1433,#1434,#1435,#1436));
#338=EDGE_LOOP('',(#1437,#1438,#1439,#1440));
#339=EDGE_LOOP('',(#1441,#1442,#1443,#1444,#1445,#1446,#1447,#1448));
#340=EDGE_LOOP('',(#1449));
#341=EDGE_LOOP('',(#1450));
#342=EDGE_LOOP('',(#1451));
#343=EDGE_LOOP('',(#1452));
#344=EDGE_LOOP('',(#1453,#1454,#1455,#1456,#1457,#1458,#1459,#1460));
#345=EDGE_LOOP('',(#1461,#1462,#1463,#1464,#1465,#1466,#1467,#1468));
#346=EDGE_LOOP('',(#1469,#1470,#1471,#1472,#1473,#1474,#1475,#1476));
#347=EDGE_LOOP('',(#1477,#1478,#1479,#1480,#1481,#1482,#1483,#1484));
#348=EDGE_LOOP('',(#1485,#1486,#1487,#1488,#1489,#1490,#1491,#1492));
#349=EDGE_LOOP('',(#1493,#1494,#1495,#1496,#1497,#1498,#1499,#1500));
#350=EDGE_LOOP('',(#1501,#1502,#1503,#1504,#1505,#1506,#1507,#1508));
#351=EDGE_LOOP('',(#1509));
#352=EDGE_LOOP('',(#1510));
#353=EDGE_LOOP('',(#1511));
#354=EDGE_LOOP('',(#1512));
#355=EDGE_LOOP('',(#1513,#1514,#1515,#1516,#1517,#1518,#1519,#1520));
#356=EDGE_LOOP('',(#1521,#1522,#1523,#1524,#1525,#1526,#1527,#1528));
#357=EDGE_LOOP('',(#1529,#1530,#1531,#1532,#1533,#1534,#1535,#1536));
#358=EDGE_LOOP('',(#1537,#1538,#1539,#1540,#1541,#1542,#1543,#1544));
#359=EDGE_LOOP('',(#1545,#1546,#1547,#1548,#1549,#1550,#1551,#1552));
#360=EDGE_LOOP('',(#1553,#1554,#1555,#1556,#1557,#1558,#1559,#1560));
#361=LINE('',#2362,#521);
#362=LINE('',#2364,#522);
#363=LINE('',#2366,#523);
#364=LINE('',#2367,#524);
#365=LINE('',#2371,#525);
#366=LINE('',#2373,#526);
#367=LINE('',#2375,#527);
#368=LINE('',#2376,#528);
#369=LINE('',#2379,#529);
#370=LINE('',#2381,#530);
#371=LINE('',#2382,#531);
#372=LINE('',#2385,#532);
#373=LINE('',#2387,#533);
#374=LINE('',#2388,#534);
#375=LINE('',#2391,#535);
#376=LINE('',#2395,#536);
#377=LINE('',#2399,#537);
#378=LINE('',#2403,#538);
#379=LINE('',#2406,#539);
#380=LINE('',#2408,#540);
#381=LINE('',#2410,#541);
#382=LINE('',#2411,#542);
#383=LINE('',#2421,#543);
#384=LINE('',#2423,#544);
#385=LINE('',#2425,#545);
#386=LINE('',#2426,#546);
#387=LINE('',#2429,#547);
#388=LINE('',#2431,#548);
#389=LINE('',#2432,#549);
#390=LINE('',#2434,#550);
#391=LINE('',#2436,#551);
#392=LINE('',#2440,#552);
#393=LINE('',#2444,#553);
#394=LINE('',#2448,#554);
#395=LINE('',#2452,#555);
#396=LINE('',#2457,#556);
#397=LINE('',#2458,#557);
#398=LINE('',#2459,#558);
#399=LINE('',#2463,#559);
#400=LINE('',#2466,#560);
#401=LINE('',#2467,#561);
#402=LINE('',#2473,#562);
#403=LINE('',#2476,#563);
#404=LINE('',#2477,#564);
#405=LINE('',#2485,#565);
#406=LINE('',#2491,#566);
#407=LINE('',#2497,#567);
#408=LINE('',#2503,#568);
#409=LINE('',#2508,#569);
#410=LINE('',#2510,#570);
#411=LINE('',#2512,#571);
#412=LINE('',#2513,#572);
#413=LINE('',#2519,#573);
#414=LINE('',#2522,#574);
#415=LINE('',#2524,#575);
#416=LINE('',#2525,#576);
#417=LINE('',#2531,#577);
#418=LINE('',#2534,#578);
#419=LINE('',#2536,#579);
#420=LINE('',#2537,#580);
#421=LINE('',#2543,#581);
#422=LINE('',#2546,#582);
#423=LINE('',#2548,#583);
#424=LINE('',#2549,#584);
#425=LINE('',#2556,#585);
#426=LINE('',#2558,#586);
#427=LINE('',#2560,#587);
#428=LINE('',#2561,#588);
#429=LINE('',#2566,#589);
#430=LINE('',#2570,#590);
#431=LINE('',#2572,#591);
#432=LINE('',#2573,#592);
#433=LINE('',#2578,#593);
#434=LINE('',#2582,#594);
#435=LINE('',#2584,#595);
#436=LINE('',#2585,#596);
#437=LINE('',#2590,#597);
#438=LINE('',#2594,#598);
#439=LINE('',#2596,#599);
#440=LINE('',#2597,#600);
#441=LINE('',#2604,#601);
#442=LINE('',#2606,#602);
#443=LINE('',#2608,#603);
#444=LINE('',#2609,#604);
#445=LINE('',#2614,#605);
#446=LINE('',#2618,#606);
#447=LINE('',#2620,#607);
#448=LINE('',#2621,#608);
#449=LINE('',#2626,#609);
#450=LINE('',#2630,#610);
#451=LINE('',#2632,#611);
#452=LINE('',#2633,#612);
#453=LINE('',#2638,#613);
#454=LINE('',#2642,#614);
#455=LINE('',#2644,#615);
#456=LINE('',#2645,#616);
#457=LINE('',#2652,#617);
#458=LINE('',#2654,#618);
#459=LINE('',#2656,#619);
#460=LINE('',#2657,#620);
#461=LINE('',#2662,#621);
#462=LINE('',#2666,#622);
#463=LINE('',#2668,#623);
#464=LINE('',#2669,#624);
#465=LINE('',#2674,#625);
#466=LINE('',#2678,#626);
#467=LINE('',#2680,#627);
#468=LINE('',#2681,#628);
#469=LINE('',#2686,#629);
#470=LINE('',#2690,#630);
#471=LINE('',#2692,#631);
#472=LINE('',#2693,#632);
#473=LINE('',#2700,#633);
#474=LINE('',#2702,#634);
#475=LINE('',#2704,#635);
#476=LINE('',#2705,#636);
#477=LINE('',#2710,#637);
#478=LINE('',#2714,#638);
#479=LINE('',#2716,#639);
#480=LINE('',#2717,#640);
#481=LINE('',#2722,#641);
#482=LINE('',#2726,#642);
#483=LINE('',#2728,#643);
#484=LINE('',#2729,#644);
#485=LINE('',#2734,#645);
#486=LINE('',#2738,#646);
#487=LINE('',#2740,#647);
#488=LINE('',#2741,#648);
#489=LINE('',#2748,#649);
#490=LINE('',#2750,#650);
#491=LINE('',#2752,#651);
#492=LINE('',#2753,#652);
#493=LINE('',#2758,#653);
#494=LINE('',#2762,#654);
#495=LINE('',#2764,#655);
#496=LINE('',#2765,#656);
#497=LINE('',#2770,#657);
#498=LINE('',#2774,#658);
#499=LINE('',#2776,#659);
#500=LINE('',#2777,#660);
#501=LINE('',#2782,#661);
#502=LINE('',#2786,#662);
#503=LINE('',#2788,#663);
#504=LINE('',#2789,#664);
#505=LINE('',#2796,#665);
#506=LINE('',#2798,#666);
#507=LINE('',#2800,#667);
#508=LINE('',#2801,#668);
#509=LINE('',#2806,#669);
#510=LINE('',#2810,#670);
#511=LINE('',#2812,#671);
#512=LINE('',#2813,#672);
#513=LINE('',#2818,#673);
#514=LINE('',#2822,#674);
#515=LINE('',#2824,#675);
#516=LINE('',#2825,#676);
#517=LINE('',#2830,#677);
#518=LINE('',#2834,#678);
#519=LINE('',#2836,#679);
#520=LINE('',#2837,#680);
#521=VECTOR('',#1872,10.);
#522=VECTOR('',#1873,10.);
#523=VECTOR('',#1874,10.);
#524=VECTOR('',#1875,10.);
#525=VECTOR('',#1878,10.);
#526=VECTOR('',#1879,10.);
#527=VECTOR('',#1880,10.);
#528=VECTOR('',#1881,10.);
#529=VECTOR('',#1884,10.);
#530=VECTOR('',#1885,10.);
#531=VECTOR('',#1886,10.);
#532=VECTOR('',#1889,10.);
#533=VECTOR('',#1890,10.);
#534=VECTOR('',#1891,10.);
#535=VECTOR('',#1894,10.);
#536=VECTOR('',#1897,10.);
#537=VECTOR('',#1900,10.);
#538=VECTOR('',#1903,10.);
#539=VECTOR('',#1906,10.);
#540=VECTOR('',#1907,10.);
#541=VECTOR('',#1908,10.);
#542=VECTOR('',#1909,10.);
#543=VECTOR('',#1920,10.);
#544=VECTOR('',#1921,10.);
#545=VECTOR('',#1922,10.);
#546=VECTOR('',#1923,10.);
#547=VECTOR('',#1926,10.);
#548=VECTOR('',#1927,10.);
#549=VECTOR('',#1928,10.);
#550=VECTOR('',#1931,10.);
#551=VECTOR('',#1934,10.);
#552=VECTOR('',#1939,1.45);
#553=VECTOR('',#1944,1.45);
#554=VECTOR('',#1949,1.45);
#555=VECTOR('',#1954,1.45);
#556=VECTOR('',#1959,10.);
#557=VECTOR('',#1960,10.);
#558=VECTOR('',#1961,10.);
#559=VECTOR('',#1966,10.);
#560=VECTOR('',#1969,10.);
#561=VECTOR('',#1970,10.);
#562=VECTOR('',#1979,10.);
#563=VECTOR('',#1982,10.);
#564=VECTOR('',#1983,10.);
#565=VECTOR('',#1994,1.45);
#566=VECTOR('',#2001,1.45);
#567=VECTOR('',#2008,1.45);
#568=VECTOR('',#2015,1.45);
#569=VECTOR('',#2020,10.);
#570=VECTOR('',#2021,10.);
#571=VECTOR('',#2022,10.);
#572=VECTOR('',#2023,10.);
#573=VECTOR('',#2030,10.);
#574=VECTOR('',#2033,10.);
#575=VECTOR('',#2034,10.);
#576=VECTOR('',#2035,10.);
#577=VECTOR('',#2042,10.);
#578=VECTOR('',#2045,10.);
#579=VECTOR('',#2046,10.);
#580=VECTOR('',#2047,10.);
#581=VECTOR('',#2054,10.);
#582=VECTOR('',#2057,10.);
#583=VECTOR('',#2058,10.);
#584=VECTOR('',#2059,10.);
#585=VECTOR('',#2068,10.);
#586=VECTOR('',#2069,10.);
#587=VECTOR('',#2070,10.);
#588=VECTOR('',#2071,10.);
#589=VECTOR('',#2076,10.);
#590=VECTOR('',#2081,10.);
#591=VECTOR('',#2082,10.);
#592=VECTOR('',#2083,10.);
#593=VECTOR('',#2088,10.);
#594=VECTOR('',#2093,10.);
#595=VECTOR('',#2094,10.);
#596=VECTOR('',#2095,10.);
#597=VECTOR('',#2100,10.);
#598=VECTOR('',#2105,10.);
#599=VECTOR('',#2106,10.);
#600=VECTOR('',#2107,10.);
#601=VECTOR('',#2116,10.);
#602=VECTOR('',#2117,10.);
#603=VECTOR('',#2118,10.);
#604=VECTOR('',#2119,10.);
#605=VECTOR('',#2124,10.);
#606=VECTOR('',#2129,10.);
#607=VECTOR('',#2130,10.);
#608=VECTOR('',#2131,10.);
#609=VECTOR('',#2136,10.);
#610=VECTOR('',#2141,10.);
#611=VECTOR('',#2142,10.);
#612=VECTOR('',#2143,10.);
#613=VECTOR('',#2148,10.);
#614=VECTOR('',#2153,10.);
#615=VECTOR('',#2154,10.);
#616=VECTOR('',#2155,10.);
#617=VECTOR('',#2164,10.);
#618=VECTOR('',#2165,10.);
#619=VECTOR('',#2166,10.);
#620=VECTOR('',#2167,10.);
#621=VECTOR('',#2172,10.);
#622=VECTOR('',#2177,10.);
#623=VECTOR('',#2178,10.);
#624=VECTOR('',#2179,10.);
#625=VECTOR('',#2184,10.);
#626=VECTOR('',#2189,10.);
#627=VECTOR('',#2190,10.);
#628=VECTOR('',#2191,10.);
#629=VECTOR('',#2196,10.);
#630=VECTOR('',#2201,10.);
#631=VECTOR('',#2202,10.);
#632=VECTOR('',#2203,10.);
#633=VECTOR('',#2212,10.);
#634=VECTOR('',#2213,10.);
#635=VECTOR('',#2214,10.);
#636=VECTOR('',#2215,10.);
#637=VECTOR('',#2220,10.);
#638=VECTOR('',#2225,10.);
#639=VECTOR('',#2226,10.);
#640=VECTOR('',#2227,10.);
#641=VECTOR('',#2232,10.);
#642=VECTOR('',#2237,10.);
#643=VECTOR('',#2238,10.);
#644=VECTOR('',#2239,10.);
#645=VECTOR('',#2244,10.);
#646=VECTOR('',#2249,10.);
#647=VECTOR('',#2250,10.);
#648=VECTOR('',#2251,10.);
#649=VECTOR('',#2260,10.);
#650=VECTOR('',#2261,10.);
#651=VECTOR('',#2262,10.);
#652=VECTOR('',#2263,10.);
#653=VECTOR('',#2268,10.);
#654=VECTOR('',#2273,10.);
#655=VECTOR('',#2274,10.);
#656=VECTOR('',#2275,10.);
#657=VECTOR('',#2280,10.);
#658=VECTOR('',#2285,10.);
#659=VECTOR('',#2286,10.);
#660=VECTOR('',#2287,10.);
#661=VECTOR('',#2292,10.);
#662=VECTOR('',#2297,10.);
#663=VECTOR('',#2298,10.);
#664=VECTOR('',#2299,10.);
#665=VECTOR('',#2308,10.);
#666=VECTOR('',#2309,10.);
#667=VECTOR('',#2310,10.);
#668=VECTOR('',#2311,10.);
#669=VECTOR('',#2316,10.);
#670=VECTOR('',#2321,10.);
#671=VECTOR('',#2322,10.);
#672=VECTOR('',#2323,10.);
#673=VECTOR('',#2328,10.);
#674=VECTOR('',#2333,10.);
#675=VECTOR('',#2334,10.);
#676=VECTOR('',#2335,10.);
#677=VECTOR('',#2340,10.);
#678=VECTOR('',#2345,10.);
#679=VECTOR('',#2346,10.);
#680=VECTOR('',#2347,10.);
#681=VERTEX_POINT('',#2360);
#682=VERTEX_POINT('',#2361);
#683=VERTEX_POINT('',#2363);
#684=VERTEX_POINT('',#2365);
#685=VERTEX_POINT('',#2369);
#686=VERTEX_POINT('',#2370);
#687=VERTEX_POINT('',#2372);
#688=VERTEX_POINT('',#2374);
#689=VERTEX_POINT('',#2378);
#690=VERTEX_POINT('',#2380);
#691=VERTEX_POINT('',#2384);
#692=VERTEX_POINT('',#2386);
#693=VERTEX_POINT('',#2390);
#694=VERTEX_POINT('',#2392);
#695=VERTEX_POINT('',#2394);
#696=VERTEX_POINT('',#2396);
#697=VERTEX_POINT('',#2398);
#698=VERTEX_POINT('',#2400);
#699=VERTEX_POINT('',#2402);
#700=VERTEX_POINT('',#2404);
#701=VERTEX_POINT('',#2407);
#702=VERTEX_POINT('',#2409);
#703=VERTEX_POINT('',#2412);
#704=VERTEX_POINT('',#2414);
#705=VERTEX_POINT('',#2416);
#706=VERTEX_POINT('',#2418);
#707=VERTEX_POINT('',#2422);
#708=VERTEX_POINT('',#2424);
#709=VERTEX_POINT('',#2428);
#710=VERTEX_POINT('',#2430);
#711=VERTEX_POINT('',#2439);
#712=VERTEX_POINT('',#2443);
#713=VERTEX_POINT('',#2447);
#714=VERTEX_POINT('',#2451);
#715=VERTEX_POINT('',#2455);
#716=VERTEX_POINT('',#2456);
#717=VERTEX_POINT('',#2461);
#718=VERTEX_POINT('',#2465);
#719=VERTEX_POINT('',#2471);
#720=VERTEX_POINT('',#2475);
#721=VERTEX_POINT('',#2482);
#722=VERTEX_POINT('',#2484);
#723=VERTEX_POINT('',#2488);
#724=VERTEX_POINT('',#2490);
#725=VERTEX_POINT('',#2494);
#726=VERTEX_POINT('',#2496);
#727=VERTEX_POINT('',#2500);
#728=VERTEX_POINT('',#2502);
#729=VERTEX_POINT('',#2506);
#730=VERTEX_POINT('',#2507);
#731=VERTEX_POINT('',#2509);
#732=VERTEX_POINT('',#2511);
#733=VERTEX_POINT('',#2515);
#734=VERTEX_POINT('',#2517);
#735=VERTEX_POINT('',#2521);
#736=VERTEX_POINT('',#2523);
#737=VERTEX_POINT('',#2527);
#738=VERTEX_POINT('',#2529);
#739=VERTEX_POINT('',#2533);
#740=VERTEX_POINT('',#2535);
#741=VERTEX_POINT('',#2539);
#742=VERTEX_POINT('',#2541);
#743=VERTEX_POINT('',#2545);
#744=VERTEX_POINT('',#2547);
#745=VERTEX_POINT('',#2554);
#746=VERTEX_POINT('',#2555);
#747=VERTEX_POINT('',#2557);
#748=VERTEX_POINT('',#2559);
#749=VERTEX_POINT('',#2563);
#750=VERTEX_POINT('',#2565);
#751=VERTEX_POINT('',#2569);
#752=VERTEX_POINT('',#2571);
#753=VERTEX_POINT('',#2575);
#754=VERTEX_POINT('',#2577);
#755=VERTEX_POINT('',#2581);
#756=VERTEX_POINT('',#2583);
#757=VERTEX_POINT('',#2587);
#758=VERTEX_POINT('',#2589);
#759=VERTEX_POINT('',#2593);
#760=VERTEX_POINT('',#2595);
#761=VERTEX_POINT('',#2602);
#762=VERTEX_POINT('',#2603);
#763=VERTEX_POINT('',#2605);
#764=VERTEX_POINT('',#2607);
#765=VERTEX_POINT('',#2611);
#766=VERTEX_POINT('',#2613);
#767=VERTEX_POINT('',#2617);
#768=VERTEX_POINT('',#2619);
#769=VERTEX_POINT('',#2623);
#770=VERTEX_POINT('',#2625);
#771=VERTEX_POINT('',#2629);
#772=VERTEX_POINT('',#2631);
#773=VERTEX_POINT('',#2635);
#774=VERTEX_POINT('',#2637);
#775=VERTEX_POINT('',#2641);
#776=VERTEX_POINT('',#2643);
#777=VERTEX_POINT('',#2650);
#778=VERTEX_POINT('',#2651);
#779=VERTEX_POINT('',#2653);
#780=VERTEX_POINT('',#2655);
#781=VERTEX_POINT('',#2659);
#782=VERTEX_POINT('',#2661);
#783=VERTEX_POINT('',#2665);
#784=VERTEX_POINT('',#2667);
#785=VERTEX_POINT('',#2671);
#786=VERTEX_POINT('',#2673);
#787=VERTEX_POINT('',#2677);
#788=VERTEX_POINT('',#2679);
#789=VERTEX_POINT('',#2683);
#790=VERTEX_POINT('',#2685);
#791=VERTEX_POINT('',#2689);
#792=VERTEX_POINT('',#2691);
#793=VERTEX_POINT('',#2698);
#794=VERTEX_POINT('',#2699);
#795=VERTEX_POINT('',#2701);
#796=VERTEX_POINT('',#2703);
#797=VERTEX_POINT('',#2707);
#798=VERTEX_POINT('',#2709);
#799=VERTEX_POINT('',#2713);
#800=VERTEX_POINT('',#2715);
#801=VERTEX_POINT('',#2719);
#802=VERTEX_POINT('',#2721);
#803=VERTEX_POINT('',#2725);
#804=VERTEX_POINT('',#2727);
#805=VERTEX_POINT('',#2731);
#806=VERTEX_POINT('',#2733);
#807=VERTEX_POINT('',#2737);
#808=VERTEX_POINT('',#2739);
#809=VERTEX_POINT('',#2746);
#810=VERTEX_POINT('',#2747);
#811=VERTEX_POINT('',#2749);
#812=VERTEX_POINT('',#2751);
#813=VERTEX_POINT('',#2755);
#814=VERTEX_POINT('',#2757);
#815=VERTEX_POINT('',#2761);
#816=VERTEX_POINT('',#2763);
#817=VERTEX_POINT('',#2767);
#818=VERTEX_POINT('',#2769);
#819=VERTEX_POINT('',#2773);
#820=VERTEX_POINT('',#2775);
#821=VERTEX_POINT('',#2779);
#822=VERTEX_POINT('',#2781);
#823=VERTEX_POINT('',#2785);
#824=VERTEX_POINT('',#2787);
#825=VERTEX_POINT('',#2794);
#826=VERTEX_POINT('',#2795);
#827=VERTEX_POINT('',#2797);
#828=VERTEX_POINT('',#2799);
#829=VERTEX_POINT('',#2803);
#830=VERTEX_POINT('',#2805);
#831=VERTEX_POINT('',#2809);
#832=VERTEX_POINT('',#2811);
#833=VERTEX_POINT('',#2815);
#834=VERTEX_POINT('',#2817);
#835=VERTEX_POINT('',#2821);
#836=VERTEX_POINT('',#2823);
#837=VERTEX_POINT('',#2827);
#838=VERTEX_POINT('',#2829);
#839=VERTEX_POINT('',#2833);
#840=VERTEX_POINT('',#2835);
#841=EDGE_CURVE('',#681,#682,#361,.T.);
#842=EDGE_CURVE('',#681,#683,#362,.T.);
#843=EDGE_CURVE('',#684,#683,#363,.T.);
#844=EDGE_CURVE('',#682,#684,#364,.T.);
#845=EDGE_CURVE('',#685,#686,#365,.T.);
#846=EDGE_CURVE('',#687,#685,#366,.T.);
#847=EDGE_CURVE('',#688,#687,#367,.T.);
#848=EDGE_CURVE('',#686,#688,#368,.T.);
#849=EDGE_CURVE('',#683,#689,#369,.T.);
#850=EDGE_CURVE('',#689,#690,#370,.T.);
#851=EDGE_CURVE('',#684,#690,#371,.T.);
#852=EDGE_CURVE('',#691,#687,#372,.T.);
#853=EDGE_CURVE('',#692,#691,#373,.T.);
#854=EDGE_CURVE('',#692,#688,#374,.T.);
#855=EDGE_CURVE('',#685,#693,#375,.T.);
#856=EDGE_CURVE('',#693,#694,#85,.T.);
#857=EDGE_CURVE('',#694,#695,#376,.T.);
#858=EDGE_CURVE('',#695,#696,#86,.T.);
#859=EDGE_CURVE('',#696,#697,#377,.T.);
#860=EDGE_CURVE('',#697,#698,#87,.T.);
#861=EDGE_CURVE('',#698,#699,#378,.T.);
#862=EDGE_CURVE('',#699,#700,#88,.T.);
#863=EDGE_CURVE('',#700,#682,#379,.T.);
#864=EDGE_CURVE('',#690,#701,#380,.T.);
#865=EDGE_CURVE('',#701,#702,#381,.T.);
#866=EDGE_CURVE('',#702,#691,#382,.T.);
#867=EDGE_CURVE('',#703,#703,#89,.T.);
#868=EDGE_CURVE('',#704,#704,#90,.T.);
#869=EDGE_CURVE('',#705,#705,#91,.T.);
#870=EDGE_CURVE('',#706,#706,#92,.T.);
#871=EDGE_CURVE('',#686,#681,#383,.T.);
#872=EDGE_CURVE('',#707,#700,#384,.T.);
#873=EDGE_CURVE('',#707,#708,#385,.T.);
#874=EDGE_CURVE('',#708,#693,#386,.T.);
#875=EDGE_CURVE('',#689,#709,#387,.T.);
#876=EDGE_CURVE('',#710,#692,#388,.T.);
#877=EDGE_CURVE('',#709,#710,#389,.T.);
#878=EDGE_CURVE('',#710,#702,#390,.T.);
#879=EDGE_CURVE('',#709,#701,#391,.T.);
#880=EDGE_CURVE('',#703,#711,#392,.T.);
#881=EDGE_CURVE('',#711,#711,#93,.T.);
#882=EDGE_CURVE('',#704,#712,#393,.T.);
#883=EDGE_CURVE('',#712,#712,#94,.T.);
#884=EDGE_CURVE('',#705,#713,#394,.T.);
#885=EDGE_CURVE('',#713,#713,#95,.T.);
#886=EDGE_CURVE('',#706,#714,#395,.T.);
#887=EDGE_CURVE('',#714,#714,#96,.T.);
#888=EDGE_CURVE('',#715,#716,#396,.T.);
#889=EDGE_CURVE('',#716,#697,#397,.T.);
#890=EDGE_CURVE('',#715,#696,#398,.T.);
#891=EDGE_CURVE('',#717,#715,#97,.T.);
#892=EDGE_CURVE('',#717,#695,#399,.T.);
#893=EDGE_CURVE('',#718,#717,#400,.T.);
#894=EDGE_CURVE('',#718,#694,#401,.T.);
#895=EDGE_CURVE('',#708,#718,#98,.T.);
#896=EDGE_CURVE('',#719,#707,#99,.T.);
#897=EDGE_CURVE('',#719,#699,#402,.T.);
#898=EDGE_CURVE('',#720,#719,#403,.T.);
#899=EDGE_CURVE('',#720,#698,#404,.T.);
#900=EDGE_CURVE('',#716,#720,#100,.T.);
#901=EDGE_CURVE('',#721,#721,#101,.T.);
#902=EDGE_CURVE('',#721,#722,#405,.T.);
#903=EDGE_CURVE('',#722,#722,#102,.T.);
#904=EDGE_CURVE('',#723,#723,#103,.T.);
#905=EDGE_CURVE('',#723,#724,#406,.T.);
#906=EDGE_CURVE('',#724,#724,#104,.T.);
#907=EDGE_CURVE('',#725,#725,#105,.T.);
#908=EDGE_CURVE('',#725,#726,#407,.T.);
#909=EDGE_CURVE('',#726,#726,#106,.T.);
#910=EDGE_CURVE('',#727,#727,#107,.T.);
#911=EDGE_CURVE('',#727,#728,#408,.T.);
#912=EDGE_CURVE('',#728,#728,#108,.T.);
#913=EDGE_CURVE('',#729,#730,#409,.T.);
#914=EDGE_CURVE('',#730,#731,#410,.T.);
#915=EDGE_CURVE('',#732,#731,#411,.T.);
#916=EDGE_CURVE('',#729,#732,#412,.T.);
#917=EDGE_CURVE('',#733,#729,#109,.T.);
#918=EDGE_CURVE('',#734,#732,#110,.T.);
#919=EDGE_CURVE('',#733,#734,#413,.T.);
#920=EDGE_CURVE('',#735,#733,#414,.T.);
#921=EDGE_CURVE('',#736,#734,#415,.T.);
#922=EDGE_CURVE('',#735,#736,#416,.T.);
#923=EDGE_CURVE('',#737,#735,#111,.T.);
#924=EDGE_CURVE('',#738,#736,#112,.T.);
#925=EDGE_CURVE('',#737,#738,#417,.T.);
#926=EDGE_CURVE('',#739,#737,#418,.T.);
#927=EDGE_CURVE('',#740,#738,#419,.T.);
#928=EDGE_CURVE('',#739,#740,#420,.T.);
#929=EDGE_CURVE('',#741,#739,#113,.T.);
#930=EDGE_CURVE('',#742,#740,#114,.T.);
#931=EDGE_CURVE('',#741,#742,#421,.T.);
#932=EDGE_CURVE('',#743,#741,#422,.T.);
#933=EDGE_CURVE('',#744,#742,#423,.T.);
#934=EDGE_CURVE('',#743,#744,#424,.T.);
#935=EDGE_CURVE('',#730,#743,#115,.T.);
#936=EDGE_CURVE('',#731,#744,#116,.T.);
#937=EDGE_CURVE('',#745,#746,#425,.T.);
#938=EDGE_CURVE('',#745,#747,#426,.T.);
#939=EDGE_CURVE('',#748,#747,#427,.T.);
#940=EDGE_CURVE('',#746,#748,#428,.T.);
#941=EDGE_CURVE('',#749,#745,#117,.T.);
#942=EDGE_CURVE('',#749,#750,#429,.T.);
#943=EDGE_CURVE('',#747,#750,#118,.T.);
#944=EDGE_CURVE('',#751,#749,#430,.T.);
#945=EDGE_CURVE('',#751,#752,#431,.T.);
#946=EDGE_CURVE('',#750,#752,#432,.T.);
#947=EDGE_CURVE('',#753,#751,#119,.T.);
#948=EDGE_CURVE('',#753,#754,#433,.T.);
#949=EDGE_CURVE('',#752,#754,#120,.T.);
#950=EDGE_CURVE('',#755,#753,#434,.T.);
#951=EDGE_CURVE('',#755,#756,#435,.T.);
#952=EDGE_CURVE('',#754,#756,#436,.T.);
#953=EDGE_CURVE('',#757,#755,#121,.T.);
#954=EDGE_CURVE('',#757,#758,#437,.T.);
#955=EDGE_CURVE('',#756,#758,#122,.T.);
#956=EDGE_CURVE('',#759,#757,#438,.T.);
#957=EDGE_CURVE('',#759,#760,#439,.T.);
#958=EDGE_CURVE('',#758,#760,#440,.T.);
#959=EDGE_CURVE('',#746,#759,#123,.T.);
#960=EDGE_CURVE('',#760,#748,#124,.T.);
#961=EDGE_CURVE('',#761,#762,#441,.T.);
#962=EDGE_CURVE('',#761,#763,#442,.T.);
#963=EDGE_CURVE('',#764,#763,#443,.T.);
#964=EDGE_CURVE('',#762,#764,#444,.T.);
#965=EDGE_CURVE('',#765,#761,#125,.T.);
#966=EDGE_CURVE('',#765,#766,#445,.T.);
#967=EDGE_CURVE('',#763,#766,#126,.T.);
#968=EDGE_CURVE('',#767,#765,#446,.T.);
#969=EDGE_CURVE('',#767,#768,#447,.T.);
#970=EDGE_CURVE('',#766,#768,#448,.T.);
#971=EDGE_CURVE('',#769,#767,#127,.T.);
#972=EDGE_CURVE('',#769,#770,#449,.T.);
#973=EDGE_CURVE('',#768,#770,#128,.T.);
#974=EDGE_CURVE('',#771,#769,#450,.T.);
#975=EDGE_CURVE('',#771,#772,#451,.T.);
#976=EDGE_CURVE('',#770,#772,#452,.T.);
#977=EDGE_CURVE('',#773,#771,#129,.T.);
#978=EDGE_CURVE('',#773,#774,#453,.T.);
#979=EDGE_CURVE('',#772,#774,#130,.T.);
#980=EDGE_CURVE('',#775,#773,#454,.T.);
#981=EDGE_CURVE('',#775,#776,#455,.T.);
#982=EDGE_CURVE('',#774,#776,#456,.T.);
#983=EDGE_CURVE('',#762,#775,#131,.T.);
#984=EDGE_CURVE('',#776,#764,#132,.T.);
#985=EDGE_CURVE('',#777,#778,#457,.T.);
#986=EDGE_CURVE('',#777,#779,#458,.T.);
#987=EDGE_CURVE('',#780,#779,#459,.T.);
#988=EDGE_CURVE('',#778,#780,#460,.T.);
#989=EDGE_CURVE('',#781,#777,#133,.T.);
#990=EDGE_CURVE('',#781,#782,#461,.T.);
#991=EDGE_CURVE('',#779,#782,#134,.T.);
#992=EDGE_CURVE('',#783,#781,#462,.T.);
#993=EDGE_CURVE('',#783,#784,#463,.T.);
#994=EDGE_CURVE('',#782,#784,#464,.T.);
#995=EDGE_CURVE('',#785,#783,#135,.T.);
#996=EDGE_CURVE('',#785,#786,#465,.T.);
#997=EDGE_CURVE('',#784,#786,#136,.T.);
#998=EDGE_CURVE('',#787,#785,#466,.T.);
#999=EDGE_CURVE('',#787,#788,#467,.T.);
#1000=EDGE_CURVE('',#786,#788,#468,.T.);
#1001=EDGE_CURVE('',#789,#787,#137,.T.);
#1002=EDGE_CURVE('',#789,#790,#469,.T.);
#1003=EDGE_CURVE('',#788,#790,#138,.T.);
#1004=EDGE_CURVE('',#791,#789,#470,.T.);
#1005=EDGE_CURVE('',#791,#792,#471,.T.);
#1006=EDGE_CURVE('',#790,#792,#472,.T.);
#1007=EDGE_CURVE('',#778,#791,#139,.T.);
#1008=EDGE_CURVE('',#792,#780,#140,.T.);
#1009=EDGE_CURVE('',#793,#794,#473,.T.);
#1010=EDGE_CURVE('',#793,#795,#474,.T.);
#1011=EDGE_CURVE('',#796,#795,#475,.T.);
#1012=EDGE_CURVE('',#794,#796,#476,.T.);
#1013=EDGE_CURVE('',#797,#793,#141,.T.);
#1014=EDGE_CURVE('',#797,#798,#477,.T.);
#1015=EDGE_CURVE('',#795,#798,#142,.T.);
#1016=EDGE_CURVE('',#799,#797,#478,.T.);
#1017=EDGE_CURVE('',#799,#800,#479,.T.);
#1018=EDGE_CURVE('',#798,#800,#480,.T.);
#1019=EDGE_CURVE('',#801,#799,#143,.T.);
#1020=EDGE_CURVE('',#801,#802,#481,.T.);
#1021=EDGE_CURVE('',#800,#802,#144,.T.);
#1022=EDGE_CURVE('',#803,#801,#482,.T.);
#1023=EDGE_CURVE('',#803,#804,#483,.T.);
#1024=EDGE_CURVE('',#802,#804,#484,.T.);
#1025=EDGE_CURVE('',#805,#803,#145,.T.);
#1026=EDGE_CURVE('',#805,#806,#485,.T.);
#1027=EDGE_CURVE('',#804,#806,#146,.T.);
#1028=EDGE_CURVE('',#807,#805,#486,.T.);
#1029=EDGE_CURVE('',#807,#808,#487,.T.);
#1030=EDGE_CURVE('',#806,#808,#488,.T.);
#1031=EDGE_CURVE('',#794,#807,#147,.T.);
#1032=EDGE_CURVE('',#808,#796,#148,.T.);
#1033=EDGE_CURVE('',#809,#810,#489,.T.);
#1034=EDGE_CURVE('',#809,#811,#490,.T.);
#1035=EDGE_CURVE('',#812,#811,#491,.T.);
#1036=EDGE_CURVE('',#810,#812,#492,.T.);
#1037=EDGE_CURVE('',#813,#809,#149,.T.);
#1038=EDGE_CURVE('',#813,#814,#493,.T.);
#1039=EDGE_CURVE('',#811,#814,#150,.T.);
#1040=EDGE_CURVE('',#815,#813,#494,.T.);
#1041=EDGE_CURVE('',#815,#816,#495,.T.);
#1042=EDGE_CURVE('',#814,#816,#496,.T.);
#1043=EDGE_CURVE('',#817,#815,#151,.T.);
#1044=EDGE_CURVE('',#817,#818,#497,.T.);
#1045=EDGE_CURVE('',#816,#818,#152,.T.);
#1046=EDGE_CURVE('',#819,#817,#498,.T.);
#1047=EDGE_CURVE('',#819,#820,#499,.T.);
#1048=EDGE_CURVE('',#818,#820,#500,.T.);
#1049=EDGE_CURVE('',#821,#819,#153,.T.);
#1050=EDGE_CURVE('',#821,#822,#501,.T.);
#1051=EDGE_CURVE('',#820,#822,#154,.T.);
#1052=EDGE_CURVE('',#823,#821,#502,.T.);
#1053=EDGE_CURVE('',#823,#824,#503,.T.);
#1054=EDGE_CURVE('',#822,#824,#504,.T.);
#1055=EDGE_CURVE('',#810,#823,#155,.T.);
#1056=EDGE_CURVE('',#824,#812,#156,.T.);
#1057=EDGE_CURVE('',#825,#826,#505,.T.);
#1058=EDGE_CURVE('',#825,#827,#506,.T.);
#1059=EDGE_CURVE('',#828,#827,#507,.T.);
#1060=EDGE_CURVE('',#826,#828,#508,.T.);
#1061=EDGE_CURVE('',#829,#825,#157,.T.);
#1062=EDGE_CURVE('',#829,#830,#509,.T.);
#1063=EDGE_CURVE('',#827,#830,#158,.T.);
#1064=EDGE_CURVE('',#831,#829,#510,.T.);
#1065=EDGE_CURVE('',#831,#832,#511,.T.);
#1066=EDGE_CURVE('',#830,#832,#512,.T.);
#1067=EDGE_CURVE('',#833,#831,#159,.T.);
#1068=EDGE_CURVE('',#833,#834,#513,.T.);
#1069=EDGE_CURVE('',#832,#834,#160,.T.);
#1070=EDGE_CURVE('',#835,#833,#514,.T.);
#1071=EDGE_CURVE('',#835,#836,#515,.T.);
#1072=EDGE_CURVE('',#834,#836,#516,.T.);
#1073=EDGE_CURVE('',#837,#835,#161,.T.);
#1074=EDGE_CURVE('',#837,#838,#517,.T.);
#1075=EDGE_CURVE('',#836,#838,#162,.T.);
#1076=EDGE_CURVE('',#839,#837,#518,.T.);
#1077=EDGE_CURVE('',#839,#840,#519,.T.);
#1078=EDGE_CURVE('',#838,#840,#520,.T.);
#1079=EDGE_CURVE('',#826,#839,#163,.T.);
#1080=EDGE_CURVE('',#840,#828,#164,.T.);
#1081=ORIENTED_EDGE('',*,*,#841,.F.);
#1082=ORIENTED_EDGE('',*,*,#842,.T.);
#1083=ORIENTED_EDGE('',*,*,#843,.F.);
#1084=ORIENTED_EDGE('',*,*,#844,.F.);
#1085=ORIENTED_EDGE('',*,*,#845,.F.);
#1086=ORIENTED_EDGE('',*,*,#846,.F.);
#1087=ORIENTED_EDGE('',*,*,#847,.F.);
#1088=ORIENTED_EDGE('',*,*,#848,.F.);
#1089=ORIENTED_EDGE('',*,*,#843,.T.);
#1090=ORIENTED_EDGE('',*,*,#849,.T.);
#1091=ORIENTED_EDGE('',*,*,#850,.T.);
#1092=ORIENTED_EDGE('',*,*,#851,.F.);
#1093=ORIENTED_EDGE('',*,*,#847,.T.);
#1094=ORIENTED_EDGE('',*,*,#852,.F.);
#1095=ORIENTED_EDGE('',*,*,#853,.F.);
#1096=ORIENTED_EDGE('',*,*,#854,.T.);
#1097=ORIENTED_EDGE('',*,*,#846,.T.);
#1098=ORIENTED_EDGE('',*,*,#855,.T.);
#1099=ORIENTED_EDGE('',*,*,#856,.T.);
#1100=ORIENTED_EDGE('',*,*,#857,.T.);
#1101=ORIENTED_EDGE('',*,*,#858,.T.);
#1102=ORIENTED_EDGE('',*,*,#859,.T.);
#1103=ORIENTED_EDGE('',*,*,#860,.T.);
#1104=ORIENTED_EDGE('',*,*,#861,.T.);
#1105=ORIENTED_EDGE('',*,*,#862,.T.);
#1106=ORIENTED_EDGE('',*,*,#863,.T.);
#1107=ORIENTED_EDGE('',*,*,#844,.T.);
#1108=ORIENTED_EDGE('',*,*,#851,.T.);
#1109=ORIENTED_EDGE('',*,*,#864,.T.);
#1110=ORIENTED_EDGE('',*,*,#865,.T.);
#1111=ORIENTED_EDGE('',*,*,#866,.T.);
#1112=ORIENTED_EDGE('',*,*,#852,.T.);
#1113=ORIENTED_EDGE('',*,*,#867,.T.);
#1114=ORIENTED_EDGE('',*,*,#868,.T.);
#1115=ORIENTED_EDGE('',*,*,#869,.T.);
#1116=ORIENTED_EDGE('',*,*,#870,.T.);
#1117=ORIENTED_EDGE('',*,*,#845,.T.);
#1118=ORIENTED_EDGE('',*,*,#871,.T.);
#1119=ORIENTED_EDGE('',*,*,#841,.T.);
#1120=ORIENTED_EDGE('',*,*,#863,.F.);
#1121=ORIENTED_EDGE('',*,*,#872,.F.);
#1122=ORIENTED_EDGE('',*,*,#873,.T.);
#1123=ORIENTED_EDGE('',*,*,#874,.T.);
#1124=ORIENTED_EDGE('',*,*,#855,.F.);
#1125=ORIENTED_EDGE('',*,*,#875,.F.);
#1126=ORIENTED_EDGE('',*,*,#849,.F.);
#1127=ORIENTED_EDGE('',*,*,#842,.F.);
#1128=ORIENTED_EDGE('',*,*,#871,.F.);
#1129=ORIENTED_EDGE('',*,*,#848,.T.);
#1130=ORIENTED_EDGE('',*,*,#854,.F.);
#1131=ORIENTED_EDGE('',*,*,#876,.F.);
#1132=ORIENTED_EDGE('',*,*,#877,.F.);
#1133=ORIENTED_EDGE('',*,*,#876,.T.);
#1134=ORIENTED_EDGE('',*,*,#853,.T.);
#1135=ORIENTED_EDGE('',*,*,#866,.F.);
#1136=ORIENTED_EDGE('',*,*,#878,.F.);
#1137=ORIENTED_EDGE('',*,*,#877,.T.);
#1138=ORIENTED_EDGE('',*,*,#878,.T.);
#1139=ORIENTED_EDGE('',*,*,#865,.F.);
#1140=ORIENTED_EDGE('',*,*,#879,.F.);
#1141=ORIENTED_EDGE('',*,*,#875,.T.);
#1142=ORIENTED_EDGE('',*,*,#879,.T.);
#1143=ORIENTED_EDGE('',*,*,#864,.F.);
#1144=ORIENTED_EDGE('',*,*,#850,.F.);
#1145=ORIENTED_EDGE('',*,*,#867,.F.);
#1146=ORIENTED_EDGE('',*,*,#880,.T.);
#1147=ORIENTED_EDGE('',*,*,#881,.T.);
#1148=ORIENTED_EDGE('',*,*,#880,.F.);
#1149=ORIENTED_EDGE('',*,*,#868,.F.);
#1150=ORIENTED_EDGE('',*,*,#882,.T.);
#1151=ORIENTED_EDGE('',*,*,#883,.T.);
#1152=ORIENTED_EDGE('',*,*,#882,.F.);
#1153=ORIENTED_EDGE('',*,*,#869,.F.);
#1154=ORIENTED_EDGE('',*,*,#884,.T.);
#1155=ORIENTED_EDGE('',*,*,#885,.T.);
#1156=ORIENTED_EDGE('',*,*,#884,.F.);
#1157=ORIENTED_EDGE('',*,*,#870,.F.);
#1158=ORIENTED_EDGE('',*,*,#886,.T.);
#1159=ORIENTED_EDGE('',*,*,#887,.T.);
#1160=ORIENTED_EDGE('',*,*,#886,.F.);
#1161=ORIENTED_EDGE('',*,*,#888,.T.);
#1162=ORIENTED_EDGE('',*,*,#889,.T.);
#1163=ORIENTED_EDGE('',*,*,#859,.F.);
#1164=ORIENTED_EDGE('',*,*,#890,.F.);
#1165=ORIENTED_EDGE('',*,*,#891,.T.);
#1166=ORIENTED_EDGE('',*,*,#890,.T.);
#1167=ORIENTED_EDGE('',*,*,#858,.F.);
#1168=ORIENTED_EDGE('',*,*,#892,.F.);
#1169=ORIENTED_EDGE('',*,*,#893,.T.);
#1170=ORIENTED_EDGE('',*,*,#892,.T.);
#1171=ORIENTED_EDGE('',*,*,#857,.F.);
#1172=ORIENTED_EDGE('',*,*,#894,.F.);
#1173=ORIENTED_EDGE('',*,*,#895,.T.);
#1174=ORIENTED_EDGE('',*,*,#894,.T.);
#1175=ORIENTED_EDGE('',*,*,#856,.F.);
#1176=ORIENTED_EDGE('',*,*,#874,.F.);
#1177=ORIENTED_EDGE('',*,*,#896,.T.);
#1178=ORIENTED_EDGE('',*,*,#872,.T.);
#1179=ORIENTED_EDGE('',*,*,#862,.F.);
#1180=ORIENTED_EDGE('',*,*,#897,.F.);
#1181=ORIENTED_EDGE('',*,*,#898,.T.);
#1182=ORIENTED_EDGE('',*,*,#897,.T.);
#1183=ORIENTED_EDGE('',*,*,#861,.F.);
#1184=ORIENTED_EDGE('',*,*,#899,.F.);
#1185=ORIENTED_EDGE('',*,*,#900,.T.);
#1186=ORIENTED_EDGE('',*,*,#899,.T.);
#1187=ORIENTED_EDGE('',*,*,#860,.F.);
#1188=ORIENTED_EDGE('',*,*,#889,.F.);
#1189=ORIENTED_EDGE('',*,*,#900,.F.);
#1190=ORIENTED_EDGE('',*,*,#888,.F.);
#1191=ORIENTED_EDGE('',*,*,#891,.F.);
#1192=ORIENTED_EDGE('',*,*,#893,.F.);
#1193=ORIENTED_EDGE('',*,*,#895,.F.);
#1194=ORIENTED_EDGE('',*,*,#873,.F.);
#1195=ORIENTED_EDGE('',*,*,#896,.F.);
#1196=ORIENTED_EDGE('',*,*,#898,.F.);
#1197=ORIENTED_EDGE('',*,*,#887,.F.);
#1198=ORIENTED_EDGE('',*,*,#885,.F.);
#1199=ORIENTED_EDGE('',*,*,#883,.F.);
#1200=ORIENTED_EDGE('',*,*,#881,.F.);
#1201=ORIENTED_EDGE('',*,*,#901,.F.);
#1202=ORIENTED_EDGE('',*,*,#902,.T.);
#1203=ORIENTED_EDGE('',*,*,#903,.T.);
#1204=ORIENTED_EDGE('',*,*,#902,.F.);
#1205=ORIENTED_EDGE('',*,*,#904,.F.);
#1206=ORIENTED_EDGE('',*,*,#905,.T.);
#1207=ORIENTED_EDGE('',*,*,#906,.T.);
#1208=ORIENTED_EDGE('',*,*,#905,.F.);
#1209=ORIENTED_EDGE('',*,*,#907,.F.);
#1210=ORIENTED_EDGE('',*,*,#908,.T.);
#1211=ORIENTED_EDGE('',*,*,#909,.T.);
#1212=ORIENTED_EDGE('',*,*,#908,.F.);
#1213=ORIENTED_EDGE('',*,*,#910,.F.);
#1214=ORIENTED_EDGE('',*,*,#911,.T.);
#1215=ORIENTED_EDGE('',*,*,#912,.T.);
#1216=ORIENTED_EDGE('',*,*,#911,.F.);
#1217=ORIENTED_EDGE('',*,*,#913,.T.);
#1218=ORIENTED_EDGE('',*,*,#914,.T.);
#1219=ORIENTED_EDGE('',*,*,#915,.F.);
#1220=ORIENTED_EDGE('',*,*,#916,.F.);
#1221=ORIENTED_EDGE('',*,*,#917,.T.);
#1222=ORIENTED_EDGE('',*,*,#916,.T.);
#1223=ORIENTED_EDGE('',*,*,#918,.F.);
#1224=ORIENTED_EDGE('',*,*,#919,.F.);
#1225=ORIENTED_EDGE('',*,*,#920,.T.);
#1226=ORIENTED_EDGE('',*,*,#919,.T.);
#1227=ORIENTED_EDGE('',*,*,#921,.F.);
#1228=ORIENTED_EDGE('',*,*,#922,.F.);
#1229=ORIENTED_EDGE('',*,*,#923,.T.);
#1230=ORIENTED_EDGE('',*,*,#922,.T.);
#1231=ORIENTED_EDGE('',*,*,#924,.F.);
#1232=ORIENTED_EDGE('',*,*,#925,.F.);
#1233=ORIENTED_EDGE('',*,*,#926,.T.);
#1234=ORIENTED_EDGE('',*,*,#925,.T.);
#1235=ORIENTED_EDGE('',*,*,#927,.F.);
#1236=ORIENTED_EDGE('',*,*,#928,.F.);
#1237=ORIENTED_EDGE('',*,*,#929,.T.);
#1238=ORIENTED_EDGE('',*,*,#928,.T.);
#1239=ORIENTED_EDGE('',*,*,#930,.F.);
#1240=ORIENTED_EDGE('',*,*,#931,.F.);
#1241=ORIENTED_EDGE('',*,*,#932,.T.);
#1242=ORIENTED_EDGE('',*,*,#931,.T.);
#1243=ORIENTED_EDGE('',*,*,#933,.F.);
#1244=ORIENTED_EDGE('',*,*,#934,.F.);
#1245=ORIENTED_EDGE('',*,*,#935,.T.);
#1246=ORIENTED_EDGE('',*,*,#934,.T.);
#1247=ORIENTED_EDGE('',*,*,#936,.F.);
#1248=ORIENTED_EDGE('',*,*,#914,.F.);
#1249=ORIENTED_EDGE('',*,*,#937,.F.);
#1250=ORIENTED_EDGE('',*,*,#938,.T.);
#1251=ORIENTED_EDGE('',*,*,#939,.F.);
#1252=ORIENTED_EDGE('',*,*,#940,.F.);
#1253=ORIENTED_EDGE('',*,*,#941,.F.);
#1254=ORIENTED_EDGE('',*,*,#942,.T.);
#1255=ORIENTED_EDGE('',*,*,#943,.F.);
#1256=ORIENTED_EDGE('',*,*,#938,.F.);
#1257=ORIENTED_EDGE('',*,*,#944,.F.);
#1258=ORIENTED_EDGE('',*,*,#945,.T.);
#1259=ORIENTED_EDGE('',*,*,#946,.F.);
#1260=ORIENTED_EDGE('',*,*,#942,.F.);
#1261=ORIENTED_EDGE('',*,*,#947,.F.);
#1262=ORIENTED_EDGE('',*,*,#948,.T.);
#1263=ORIENTED_EDGE('',*,*,#949,.F.);
#1264=ORIENTED_EDGE('',*,*,#945,.F.);
#1265=ORIENTED_EDGE('',*,*,#950,.F.);
#1266=ORIENTED_EDGE('',*,*,#951,.T.);
#1267=ORIENTED_EDGE('',*,*,#952,.F.);
#1268=ORIENTED_EDGE('',*,*,#948,.F.);
#1269=ORIENTED_EDGE('',*,*,#953,.F.);
#1270=ORIENTED_EDGE('',*,*,#954,.T.);
#1271=ORIENTED_EDGE('',*,*,#955,.F.);
#1272=ORIENTED_EDGE('',*,*,#951,.F.);
#1273=ORIENTED_EDGE('',*,*,#956,.F.);
#1274=ORIENTED_EDGE('',*,*,#957,.T.);
#1275=ORIENTED_EDGE('',*,*,#958,.F.);
#1276=ORIENTED_EDGE('',*,*,#954,.F.);
#1277=ORIENTED_EDGE('',*,*,#959,.F.);
#1278=ORIENTED_EDGE('',*,*,#940,.T.);
#1279=ORIENTED_EDGE('',*,*,#960,.F.);
#1280=ORIENTED_EDGE('',*,*,#957,.F.);
#1281=ORIENTED_EDGE('',*,*,#961,.F.);
#1282=ORIENTED_EDGE('',*,*,#962,.T.);
#1283=ORIENTED_EDGE('',*,*,#963,.F.);
#1284=ORIENTED_EDGE('',*,*,#964,.F.);
#1285=ORIENTED_EDGE('',*,*,#965,.F.);
#1286=ORIENTED_EDGE('',*,*,#966,.T.);
#1287=ORIENTED_EDGE('',*,*,#967,.F.);
#1288=ORIENTED_EDGE('',*,*,#962,.F.);
#1289=ORIENTED_EDGE('',*,*,#968,.F.);
#1290=ORIENTED_EDGE('',*,*,#969,.T.);
#1291=ORIENTED_EDGE('',*,*,#970,.F.);
#1292=ORIENTED_EDGE('',*,*,#966,.F.);
#1293=ORIENTED_EDGE('',*,*,#971,.F.);
#1294=ORIENTED_EDGE('',*,*,#972,.T.);
#1295=ORIENTED_EDGE('',*,*,#973,.F.);
#1296=ORIENTED_EDGE('',*,*,#969,.F.);
#1297=ORIENTED_EDGE('',*,*,#974,.F.);
#1298=ORIENTED_EDGE('',*,*,#975,.T.);
#1299=ORIENTED_EDGE('',*,*,#976,.F.);
#1300=ORIENTED_EDGE('',*,*,#972,.F.);
#1301=ORIENTED_EDGE('',*,*,#977,.F.);
#1302=ORIENTED_EDGE('',*,*,#978,.T.);
#1303=ORIENTED_EDGE('',*,*,#979,.F.);
#1304=ORIENTED_EDGE('',*,*,#975,.F.);
#1305=ORIENTED_EDGE('',*,*,#980,.F.);
#1306=ORIENTED_EDGE('',*,*,#981,.T.);
#1307=ORIENTED_EDGE('',*,*,#982,.F.);
#1308=ORIENTED_EDGE('',*,*,#978,.F.);
#1309=ORIENTED_EDGE('',*,*,#983,.F.);
#1310=ORIENTED_EDGE('',*,*,#964,.T.);
#1311=ORIENTED_EDGE('',*,*,#984,.F.);
#1312=ORIENTED_EDGE('',*,*,#981,.F.);
#1313=ORIENTED_EDGE('',*,*,#985,.F.);
#1314=ORIENTED_EDGE('',*,*,#986,.T.);
#1315=ORIENTED_EDGE('',*,*,#987,.F.);
#1316=ORIENTED_EDGE('',*,*,#988,.F.);
#1317=ORIENTED_EDGE('',*,*,#989,.F.);
#1318=ORIENTED_EDGE('',*,*,#990,.T.);
#1319=ORIENTED_EDGE('',*,*,#991,.F.);
#1320=ORIENTED_EDGE('',*,*,#986,.F.);
#1321=ORIENTED_EDGE('',*,*,#992,.F.);
#1322=ORIENTED_EDGE('',*,*,#993,.T.);
#1323=ORIENTED_EDGE('',*,*,#994,.F.);
#1324=ORIENTED_EDGE('',*,*,#990,.F.);
#1325=ORIENTED_EDGE('',*,*,#995,.F.);
#1326=ORIENTED_EDGE('',*,*,#996,.T.);
#1327=ORIENTED_EDGE('',*,*,#997,.F.);
#1328=ORIENTED_EDGE('',*,*,#993,.F.);
#1329=ORIENTED_EDGE('',*,*,#998,.F.);
#1330=ORIENTED_EDGE('',*,*,#999,.T.);
#1331=ORIENTED_EDGE('',*,*,#1000,.F.);
#1332=ORIENTED_EDGE('',*,*,#996,.F.);
#1333=ORIENTED_EDGE('',*,*,#1001,.F.);
#1334=ORIENTED_EDGE('',*,*,#1002,.T.);
#1335=ORIENTED_EDGE('',*,*,#1003,.F.);
#1336=ORIENTED_EDGE('',*,*,#999,.F.);
#1337=ORIENTED_EDGE('',*,*,#1004,.F.);
#1338=ORIENTED_EDGE('',*,*,#1005,.T.);
#1339=ORIENTED_EDGE('',*,*,#1006,.F.);
#1340=ORIENTED_EDGE('',*,*,#1002,.F.);
#1341=ORIENTED_EDGE('',*,*,#1007,.F.);
#1342=ORIENTED_EDGE('',*,*,#988,.T.);
#1343=ORIENTED_EDGE('',*,*,#1008,.F.);
#1344=ORIENTED_EDGE('',*,*,#1005,.F.);
#1345=ORIENTED_EDGE('',*,*,#1009,.F.);
#1346=ORIENTED_EDGE('',*,*,#1010,.T.);
#1347=ORIENTED_EDGE('',*,*,#1011,.F.);
#1348=ORIENTED_EDGE('',*,*,#1012,.F.);
#1349=ORIENTED_EDGE('',*,*,#1013,.F.);
#1350=ORIENTED_EDGE('',*,*,#1014,.T.);
#1351=ORIENTED_EDGE('',*,*,#1015,.F.);
#1352=ORIENTED_EDGE('',*,*,#1010,.F.);
#1353=ORIENTED_EDGE('',*,*,#1016,.F.);
#1354=ORIENTED_EDGE('',*,*,#1017,.T.);
#1355=ORIENTED_EDGE('',*,*,#1018,.F.);
#1356=ORIENTED_EDGE('',*,*,#1014,.F.);
#1357=ORIENTED_EDGE('',*,*,#1019,.F.);
#1358=ORIENTED_EDGE('',*,*,#1020,.T.);
#1359=ORIENTED_EDGE('',*,*,#1021,.F.);
#1360=ORIENTED_EDGE('',*,*,#1017,.F.);
#1361=ORIENTED_EDGE('',*,*,#1022,.F.);
#1362=ORIENTED_EDGE('',*,*,#1023,.T.);
#1363=ORIENTED_EDGE('',*,*,#1024,.F.);
#1364=ORIENTED_EDGE('',*,*,#1020,.F.);
#1365=ORIENTED_EDGE('',*,*,#1025,.F.);
#1366=ORIENTED_EDGE('',*,*,#1026,.T.);
#1367=ORIENTED_EDGE('',*,*,#1027,.F.);
#1368=ORIENTED_EDGE('',*,*,#1023,.F.);
#1369=ORIENTED_EDGE('',*,*,#1028,.F.);
#1370=ORIENTED_EDGE('',*,*,#1029,.T.);
#1371=ORIENTED_EDGE('',*,*,#1030,.F.);
#1372=ORIENTED_EDGE('',*,*,#1026,.F.);
#1373=ORIENTED_EDGE('',*,*,#1031,.F.);
#1374=ORIENTED_EDGE('',*,*,#1012,.T.);
#1375=ORIENTED_EDGE('',*,*,#1032,.F.);
#1376=ORIENTED_EDGE('',*,*,#1029,.F.);
#1377=ORIENTED_EDGE('',*,*,#1033,.F.);
#1378=ORIENTED_EDGE('',*,*,#1034,.T.);
#1379=ORIENTED_EDGE('',*,*,#1035,.F.);
#1380=ORIENTED_EDGE('',*,*,#1036,.F.);
#1381=ORIENTED_EDGE('',*,*,#1037,.F.);
#1382=ORIENTED_EDGE('',*,*,#1038,.T.);
#1383=ORIENTED_EDGE('',*,*,#1039,.F.);
#1384=ORIENTED_EDGE('',*,*,#1034,.F.);
#1385=ORIENTED_EDGE('',*,*,#1040,.F.);
#1386=ORIENTED_EDGE('',*,*,#1041,.T.);
#1387=ORIENTED_EDGE('',*,*,#1042,.F.);
#1388=ORIENTED_EDGE('',*,*,#1038,.F.);
#1389=ORIENTED_EDGE('',*,*,#1043,.F.);
#1390=ORIENTED_EDGE('',*,*,#1044,.T.);
#1391=ORIENTED_EDGE('',*,*,#1045,.F.);
#1392=ORIENTED_EDGE('',*,*,#1041,.F.);
#1393=ORIENTED_EDGE('',*,*,#1046,.F.);
#1394=ORIENTED_EDGE('',*,*,#1047,.T.);
#1395=ORIENTED_EDGE('',*,*,#1048,.F.);
#1396=ORIENTED_EDGE('',*,*,#1044,.F.);
#1397=ORIENTED_EDGE('',*,*,#1049,.F.);
#1398=ORIENTED_EDGE('',*,*,#1050,.T.);
#1399=ORIENTED_EDGE('',*,*,#1051,.F.);
#1400=ORIENTED_EDGE('',*,*,#1047,.F.);
#1401=ORIENTED_EDGE('',*,*,#1052,.F.);
#1402=ORIENTED_EDGE('',*,*,#1053,.T.);
#1403=ORIENTED_EDGE('',*,*,#1054,.F.);
#1404=ORIENTED_EDGE('',*,*,#1050,.F.);
#1405=ORIENTED_EDGE('',*,*,#1055,.F.);
#1406=ORIENTED_EDGE('',*,*,#1036,.T.);
#1407=ORIENTED_EDGE('',*,*,#1056,.F.);
#1408=ORIENTED_EDGE('',*,*,#1053,.F.);
#1409=ORIENTED_EDGE('',*,*,#1057,.F.);
#1410=ORIENTED_EDGE('',*,*,#1058,.T.);
#1411=ORIENTED_EDGE('',*,*,#1059,.F.);
#1412=ORIENTED_EDGE('',*,*,#1060,.F.);
#1413=ORIENTED_EDGE('',*,*,#1061,.F.);
#1414=ORIENTED_EDGE('',*,*,#1062,.T.);
#1415=ORIENTED_EDGE('',*,*,#1063,.F.);
#1416=ORIENTED_EDGE('',*,*,#1058,.F.);
#1417=ORIENTED_EDGE('',*,*,#1064,.F.);
#1418=ORIENTED_EDGE('',*,*,#1065,.T.);
#1419=ORIENTED_EDGE('',*,*,#1066,.F.);
#1420=ORIENTED_EDGE('',*,*,#1062,.F.);
#1421=ORIENTED_EDGE('',*,*,#1067,.F.);
#1422=ORIENTED_EDGE('',*,*,#1068,.T.);
#1423=ORIENTED_EDGE('',*,*,#1069,.F.);
#1424=ORIENTED_EDGE('',*,*,#1065,.F.);
#1425=ORIENTED_EDGE('',*,*,#1070,.F.);
#1426=ORIENTED_EDGE('',*,*,#1071,.T.);
#1427=ORIENTED_EDGE('',*,*,#1072,.F.);
#1428=ORIENTED_EDGE('',*,*,#1068,.F.);
#1429=ORIENTED_EDGE('',*,*,#1073,.F.);
#1430=ORIENTED_EDGE('',*,*,#1074,.T.);
#1431=ORIENTED_EDGE('',*,*,#1075,.F.);
#1432=ORIENTED_EDGE('',*,*,#1071,.F.);
#1433=ORIENTED_EDGE('',*,*,#1076,.F.);
#1434=ORIENTED_EDGE('',*,*,#1077,.T.);
#1435=ORIENTED_EDGE('',*,*,#1078,.F.);
#1436=ORIENTED_EDGE('',*,*,#1074,.F.);
#1437=ORIENTED_EDGE('',*,*,#1079,.F.);
#1438=ORIENTED_EDGE('',*,*,#1060,.T.);
#1439=ORIENTED_EDGE('',*,*,#1080,.F.);
#1440=ORIENTED_EDGE('',*,*,#1077,.F.);
#1441=ORIENTED_EDGE('',*,*,#936,.T.);
#1442=ORIENTED_EDGE('',*,*,#933,.T.);
#1443=ORIENTED_EDGE('',*,*,#930,.T.);
#1444=ORIENTED_EDGE('',*,*,#927,.T.);
#1445=ORIENTED_EDGE('',*,*,#924,.T.);
#1446=ORIENTED_EDGE('',*,*,#921,.T.);
#1447=ORIENTED_EDGE('',*,*,#918,.T.);
#1448=ORIENTED_EDGE('',*,*,#915,.T.);
#1449=ORIENTED_EDGE('',*,*,#901,.T.);
#1450=ORIENTED_EDGE('',*,*,#904,.T.);
#1451=ORIENTED_EDGE('',*,*,#907,.T.);
#1452=ORIENTED_EDGE('',*,*,#910,.T.);
#1453=ORIENTED_EDGE('',*,*,#1059,.T.);
#1454=ORIENTED_EDGE('',*,*,#1063,.T.);
#1455=ORIENTED_EDGE('',*,*,#1066,.T.);
#1456=ORIENTED_EDGE('',*,*,#1069,.T.);
#1457=ORIENTED_EDGE('',*,*,#1072,.T.);
#1458=ORIENTED_EDGE('',*,*,#1075,.T.);
#1459=ORIENTED_EDGE('',*,*,#1078,.T.);
#1460=ORIENTED_EDGE('',*,*,#1080,.T.);
#1461=ORIENTED_EDGE('',*,*,#1035,.T.);
#1462=ORIENTED_EDGE('',*,*,#1039,.T.);
#1463=ORIENTED_EDGE('',*,*,#1042,.T.);
#1464=ORIENTED_EDGE('',*,*,#1045,.T.);
#1465=ORIENTED_EDGE('',*,*,#1048,.T.);
#1466=ORIENTED_EDGE('',*,*,#1051,.T.);
#1467=ORIENTED_EDGE('',*,*,#1054,.T.);
#1468=ORIENTED_EDGE('',*,*,#1056,.T.);
#1469=ORIENTED_EDGE('',*,*,#1011,.T.);
#1470=ORIENTED_EDGE('',*,*,#1015,.T.);
#1471=ORIENTED_EDGE('',*,*,#1018,.T.);
#1472=ORIENTED_EDGE('',*,*,#1021,.T.);
#1473=ORIENTED_EDGE('',*,*,#1024,.T.);
#1474=ORIENTED_EDGE('',*,*,#1027,.T.);
#1475=ORIENTED_EDGE('',*,*,#1030,.T.);
#1476=ORIENTED_EDGE('',*,*,#1032,.T.);
#1477=ORIENTED_EDGE('',*,*,#987,.T.);
#1478=ORIENTED_EDGE('',*,*,#991,.T.);
#1479=ORIENTED_EDGE('',*,*,#994,.T.);
#1480=ORIENTED_EDGE('',*,*,#997,.T.);
#1481=ORIENTED_EDGE('',*,*,#1000,.T.);
#1482=ORIENTED_EDGE('',*,*,#1003,.T.);
#1483=ORIENTED_EDGE('',*,*,#1006,.T.);
#1484=ORIENTED_EDGE('',*,*,#1008,.T.);
#1485=ORIENTED_EDGE('',*,*,#963,.T.);
#1486=ORIENTED_EDGE('',*,*,#967,.T.);
#1487=ORIENTED_EDGE('',*,*,#970,.T.);
#1488=ORIENTED_EDGE('',*,*,#973,.T.);
#1489=ORIENTED_EDGE('',*,*,#976,.T.);
#1490=ORIENTED_EDGE('',*,*,#979,.T.);
#1491=ORIENTED_EDGE('',*,*,#982,.T.);
#1492=ORIENTED_EDGE('',*,*,#984,.T.);
#1493=ORIENTED_EDGE('',*,*,#939,.T.);
#1494=ORIENTED_EDGE('',*,*,#943,.T.);
#1495=ORIENTED_EDGE('',*,*,#946,.T.);
#1496=ORIENTED_EDGE('',*,*,#949,.T.);
#1497=ORIENTED_EDGE('',*,*,#952,.T.);
#1498=ORIENTED_EDGE('',*,*,#955,.T.);
#1499=ORIENTED_EDGE('',*,*,#958,.T.);
#1500=ORIENTED_EDGE('',*,*,#960,.T.);
#1501=ORIENTED_EDGE('',*,*,#935,.F.);
#1502=ORIENTED_EDGE('',*,*,#913,.F.);
#1503=ORIENTED_EDGE('',*,*,#917,.F.);
#1504=ORIENTED_EDGE('',*,*,#920,.F.);
#1505=ORIENTED_EDGE('',*,*,#923,.F.);
#1506=ORIENTED_EDGE('',*,*,#926,.F.);
#1507=ORIENTED_EDGE('',*,*,#929,.F.);
#1508=ORIENTED_EDGE('',*,*,#932,.F.);
#1509=ORIENTED_EDGE('',*,*,#903,.F.);
#1510=ORIENTED_EDGE('',*,*,#906,.F.);
#1511=ORIENTED_EDGE('',*,*,#909,.F.);
#1512=ORIENTED_EDGE('',*,*,#912,.F.);
#1513=ORIENTED_EDGE('',*,*,#1057,.T.);
#1514=ORIENTED_EDGE('',*,*,#1079,.T.);
#1515=ORIENTED_EDGE('',*,*,#1076,.T.);
#1516=ORIENTED_EDGE('',*,*,#1073,.T.);
#1517=ORIENTED_EDGE('',*,*,#1070,.T.);
#1518=ORIENTED_EDGE('',*,*,#1067,.T.);
#1519=ORIENTED_EDGE('',*,*,#1064,.T.);
#1520=ORIENTED_EDGE('',*,*,#1061,.T.);
#1521=ORIENTED_EDGE('',*,*,#1033,.T.);
#1522=ORIENTED_EDGE('',*,*,#1055,.T.);
#1523=ORIENTED_EDGE('',*,*,#1052,.T.);
#1524=ORIENTED_EDGE('',*,*,#1049,.T.);
#1525=ORIENTED_EDGE('',*,*,#1046,.T.);
#1526=ORIENTED_EDGE('',*,*,#1043,.T.);
#1527=ORIENTED_EDGE('',*,*,#1040,.T.);
#1528=ORIENTED_EDGE('',*,*,#1037,.T.);
#1529=ORIENTED_EDGE('',*,*,#1009,.T.);
#1530=ORIENTED_EDGE('',*,*,#1031,.T.);
#1531=ORIENTED_EDGE('',*,*,#1028,.T.);
#1532=ORIENTED_EDGE('',*,*,#1025,.T.);
#1533=ORIENTED_EDGE('',*,*,#1022,.T.);
#1534=ORIENTED_EDGE('',*,*,#1019,.T.);
#1535=ORIENTED_EDGE('',*,*,#1016,.T.);
#1536=ORIENTED_EDGE('',*,*,#1013,.T.);
#1537=ORIENTED_EDGE('',*,*,#985,.T.);
#1538=ORIENTED_EDGE('',*,*,#1007,.T.);
#1539=ORIENTED_EDGE('',*,*,#1004,.T.);
#1540=ORIENTED_EDGE('',*,*,#1001,.T.);
#1541=ORIENTED_EDGE('',*,*,#998,.T.);
#1542=ORIENTED_EDGE('',*,*,#995,.T.);
#1543=ORIENTED_EDGE('',*,*,#992,.T.);
#1544=ORIENTED_EDGE('',*,*,#989,.T.);
#1545=ORIENTED_EDGE('',*,*,#961,.T.);
#1546=ORIENTED_EDGE('',*,*,#983,.T.);
#1547=ORIENTED_EDGE('',*,*,#980,.T.);
#1548=ORIENTED_EDGE('',*,*,#977,.T.);
#1549=ORIENTED_EDGE('',*,*,#974,.T.);
#1550=ORIENTED_EDGE('',*,*,#971,.T.);
#1551=ORIENTED_EDGE('',*,*,#968,.T.);
#1552=ORIENTED_EDGE('',*,*,#965,.T.);
#1553=ORIENTED_EDGE('',*,*,#937,.T.);
#1554=ORIENTED_EDGE('',*,*,#959,.T.);
#1555=ORIENTED_EDGE('',*,*,#956,.T.);
#1556=ORIENTED_EDGE('',*,*,#953,.T.);
#1557=ORIENTED_EDGE('',*,*,#950,.T.);
#1558=ORIENTED_EDGE('',*,*,#947,.T.);
#1559=ORIENTED_EDGE('',*,*,#944,.T.);
#1560=ORIENTED_EDGE('',*,*,#941,.T.);
#1561=PLANE('',#1704);
#1562=PLANE('',#1705);
#1563=PLANE('',#1706);
#1564=PLANE('',#1707);
#1565=PLANE('',#1708);
#1566=PLANE('',#1717);
#1567=PLANE('',#1718);
#1568=PLANE('',#1719);
#1569=PLANE('',#1720);
#1570=PLANE('',#1721);
#1571=PLANE('',#1730);
#1572=PLANE('',#1733);
#1573=PLANE('',#1738);
#1574=PLANE('',#1741);
#1575=PLANE('',#1754);
#1576=PLANE('',#1758);
#1577=PLANE('',#1762);
#1578=PLANE('',#1766);
#1579=PLANE('',#1770);
#1580=PLANE('',#1774);
#1581=PLANE('',#1778);
#1582=PLANE('',#1782);
#1583=PLANE('',#1786);
#1584=PLANE('',#1790);
#1585=PLANE('',#1794);
#1586=PLANE('',#1798);
#1587=PLANE('',#1802);
#1588=PLANE('',#1806);
#1589=PLANE('',#1810);
#1590=PLANE('',#1814);
#1591=PLANE('',#1818);
#1592=PLANE('',#1822);
#1593=PLANE('',#1826);
#1594=PLANE('',#1830);
#1595=PLANE('',#1834);
#1596=PLANE('',#1838);
#1597=PLANE('',#1842);
#1598=PLANE('',#1846);
#1599=PLANE('',#1850);
#1600=PLANE('',#1854);
#1601=PLANE('',#1858);
#1602=PLANE('',#1862);
#1603=PLANE('',#1866);
#1604=PLANE('',#1867);
#1605=ADVANCED_FACE('',(#165),#1561,.F.);
#1606=ADVANCED_FACE('',(#166),#1562,.F.);
#1607=ADVANCED_FACE('',(#167),#1563,.T.);
#1608=ADVANCED_FACE('',(#168),#1564,.T.);
#1609=ADVANCED_FACE('',(#169,#57,#58,#59,#60),#1565,.T.);
#1610=ADVANCED_FACE('',(#170),#1566,.T.);
#1611=ADVANCED_FACE('',(#171),#1567,.T.);
#1612=ADVANCED_FACE('',(#172),#1568,.T.);
#1613=ADVANCED_FACE('',(#173),#1569,.T.);
#1614=ADVANCED_FACE('',(#174),#1570,.T.);
#1615=ADVANCED_FACE('',(#175),#17,.F.);
#1616=ADVANCED_FACE('',(#176),#18,.F.);
#1617=ADVANCED_FACE('',(#177),#19,.F.);
#1618=ADVANCED_FACE('',(#178),#20,.F.);
#1619=ADVANCED_FACE('',(#179),#1571,.T.);
#1620=ADVANCED_FACE('',(#180),#21,.T.);
#1621=ADVANCED_FACE('',(#181),#1572,.T.);
#1622=ADVANCED_FACE('',(#182),#22,.T.);
#1623=ADVANCED_FACE('',(#183),#23,.T.);
#1624=ADVANCED_FACE('',(#184),#1573,.T.);
#1625=ADVANCED_FACE('',(#185),#24,.T.);
#1626=ADVANCED_FACE('',(#186,#61,#62,#63,#64),#1574,.F.);
#1627=ADVANCED_FACE('',(#187),#25,.F.);
#1628=ADVANCED_FACE('',(#188),#26,.F.);
#1629=ADVANCED_FACE('',(#189),#27,.F.);
#1630=ADVANCED_FACE('',(#190),#28,.F.);
#1631=ADVANCED_FACE('',(#191),#1575,.T.);
#1632=ADVANCED_FACE('',(#192),#29,.T.);
#1633=ADVANCED_FACE('',(#193),#1576,.T.);
#1634=ADVANCED_FACE('',(#194),#30,.T.);
#1635=ADVANCED_FACE('',(#195),#1577,.T.);
#1636=ADVANCED_FACE('',(#196),#31,.T.);
#1637=ADVANCED_FACE('',(#197),#1578,.T.);
#1638=ADVANCED_FACE('',(#198),#32,.T.);
#1639=ADVANCED_FACE('',(#199),#1579,.F.);
#1640=ADVANCED_FACE('',(#200),#33,.F.);
#1641=ADVANCED_FACE('',(#201),#1580,.F.);
#1642=ADVANCED_FACE('',(#202),#34,.F.);
#1643=ADVANCED_FACE('',(#203),#1581,.F.);
#1644=ADVANCED_FACE('',(#204),#35,.F.);
#1645=ADVANCED_FACE('',(#205),#1582,.F.);
#1646=ADVANCED_FACE('',(#206),#36,.F.);
#1647=ADVANCED_FACE('',(#207),#1583,.F.);
#1648=ADVANCED_FACE('',(#208),#37,.F.);
#1649=ADVANCED_FACE('',(#209),#1584,.F.);
#1650=ADVANCED_FACE('',(#210),#38,.F.);
#1651=ADVANCED_FACE('',(#211),#1585,.F.);
#1652=ADVANCED_FACE('',(#212),#39,.F.);
#1653=ADVANCED_FACE('',(#213),#1586,.F.);
#1654=ADVANCED_FACE('',(#214),#40,.F.);
#1655=ADVANCED_FACE('',(#215),#1587,.F.);
#1656=ADVANCED_FACE('',(#216),#41,.F.);
#1657=ADVANCED_FACE('',(#217),#1588,.F.);
#1658=ADVANCED_FACE('',(#218),#42,.F.);
#1659=ADVANCED_FACE('',(#219),#1589,.F.);
#1660=ADVANCED_FACE('',(#220),#43,.F.);
#1661=ADVANCED_FACE('',(#221),#1590,.F.);
#1662=ADVANCED_FACE('',(#222),#44,.F.);
#1663=ADVANCED_FACE('',(#223),#1591,.F.);
#1664=ADVANCED_FACE('',(#224),#45,.F.);
#1665=ADVANCED_FACE('',(#225),#1592,.F.);
#1666=ADVANCED_FACE('',(#226),#46,.F.);
#1667=ADVANCED_FACE('',(#227),#1593,.F.);
#1668=ADVANCED_FACE('',(#228),#47,.F.);
#1669=ADVANCED_FACE('',(#229),#1594,.F.);
#1670=ADVANCED_FACE('',(#230),#48,.F.);
#1671=ADVANCED_FACE('',(#231),#1595,.F.);
#1672=ADVANCED_FACE('',(#232),#49,.F.);
#1673=ADVANCED_FACE('',(#233),#1596,.F.);
#1674=ADVANCED_FACE('',(#234),#50,.F.);
#1675=ADVANCED_FACE('',(#235),#1597,.F.);
#1676=ADVANCED_FACE('',(#236),#51,.F.);
#1677=ADVANCED_FACE('',(#237),#1598,.F.);
#1678=ADVANCED_FACE('',(#238),#52,.F.);
#1679=ADVANCED_FACE('',(#239),#1599,.F.);
#1680=ADVANCED_FACE('',(#240),#53,.F.);
#1681=ADVANCED_FACE('',(#241),#1600,.F.);
#1682=ADVANCED_FACE('',(#242),#54,.F.);
#1683=ADVANCED_FACE('',(#243),#1601,.F.);
#1684=ADVANCED_FACE('',(#244),#55,.F.);
#1685=ADVANCED_FACE('',(#245),#1602,.F.);
#1686=ADVANCED_FACE('',(#246),#56,.F.);
#1687=ADVANCED_FACE('',(#247,#65,#66,#67,#68,#69,#70,#71,#72,#73,#74),#1603,
 .T.);
#1688=ADVANCED_FACE('',(#248,#75,#76,#77,#78,#79,#80,#81,#82,#83,#84),#1604,
 .F.);
#1689=CLOSED_SHELL('',(#1605,#1606,#1607,#1608,#1609,#1610,#1611,#1612,
#1613,#1614,#1615,#1616,#1617,#1618,#1619,#1620,#1621,#1622,#1623,#1624,
#1625,#1626));
#1690=CLOSED_SHELL('',(#1627,#1628,#1629,#1630,#1631,#1632,#1633,#1634,
#1635,#1636,#1637,#1638,#1639,#1640,#1641,#1642,#1643,#1644,#1645,#1646,
#1647,#1648,#1649,#1650,#1651,#1652,#1653,#1654,#1655,#1656,#1657,#1658,
#1659,#1660,#1661,#1662,#1663,#1664,#1665,#1666,#1667,#1668,#1669,#1670,
#1671,#1672,#1673,#1674,#1675,#1676,#1677,#1678,#1679,#1680,#1681,#1682,
#1683,#1684,#1685,#1686,#1687,#1688));
#1691=DERIVED_UNIT_ELEMENT(#1693,1.);
#1692=DERIVED_UNIT_ELEMENT(#2848,-3.);
#1693=(
MASS_UNIT()
NAMED_UNIT(*)
SI_UNIT(.KILO.,.GRAM.)
);
#1694=DERIVED_UNIT((#1691,#1692));
#1695=MEASURE_REPRESENTATION_ITEM('density measure',
POSITIVE_RATIO_MEASURE(7850.),#1694);
#1696=PROPERTY_DEFINITION_REPRESENTATION(#1701,#1698);
#1697=PROPERTY_DEFINITION_REPRESENTATION(#1702,#1699);
#1698=REPRESENTATION('material name',(#1700),#2845);
#1699=REPRESENTATION('density',(#1695),#2845);
#1700=DESCRIPTIVE_REPRESENTATION_ITEM('Steel','Steel');
#1701=PROPERTY_DEFINITION('material property','material name',#2855);
#1702=PROPERTY_DEFINITION('material property','density of part',#2855);
#1703=AXIS2_PLACEMENT_3D('',#2358,#1868,#1869);
#1704=AXIS2_PLACEMENT_3D('',#2359,#1870,#1871);
#1705=AXIS2_PLACEMENT_3D('',#2368,#1876,#1877);
#1706=AXIS2_PLACEMENT_3D('',#2377,#1882,#1883);
#1707=AXIS2_PLACEMENT_3D('',#2383,#1887,#1888);
#1708=AXIS2_PLACEMENT_3D('',#2389,#1892,#1893);
#1709=AXIS2_PLACEMENT_3D('',#2393,#1895,#1896);
#1710=AXIS2_PLACEMENT_3D('',#2397,#1898,#1899);
#1711=AXIS2_PLACEMENT_3D('',#2401,#1901,#1902);
#1712=AXIS2_PLACEMENT_3D('',#2405,#1904,#1905);
#1713=AXIS2_PLACEMENT_3D('',#2413,#1910,#1911);
#1714=AXIS2_PLACEMENT_3D('',#2415,#1912,#1913);
#1715=AXIS2_PLACEMENT_3D('',#2417,#1914,#1915);
#1716=AXIS2_PLACEMENT_3D('',#2419,#1916,#1917);
#1717=AXIS2_PLACEMENT_3D('',#2420,#1918,#1919);
#1718=AXIS2_PLACEMENT_3D('',#2427,#1924,#1925);
#1719=AXIS2_PLACEMENT_3D('',#2433,#1929,#1930);
#1720=AXIS2_PLACEMENT_3D('',#2435,#1932,#1933);
#1721=AXIS2_PLACEMENT_3D('',#2437,#1935,#1936);
#1722=AXIS2_PLACEMENT_3D('',#2438,#1937,#1938);
#1723=AXIS2_PLACEMENT_3D('',#2441,#1940,#1941);
#1724=AXIS2_PLACEMENT_3D('',#2442,#1942,#1943);
#1725=AXIS2_PLACEMENT_3D('',#2445,#1945,#1946);
#1726=AXIS2_PLACEMENT_3D('',#2446,#1947,#1948);
#1727=AXIS2_PLACEMENT_3D('',#2449,#1950,#1951);
#1728=AXIS2_PLACEMENT_3D('',#2450,#1952,#1953);
#1729=AXIS2_PLACEMENT_3D('',#2453,#1955,#1956);
#1730=AXIS2_PLACEMENT_3D('',#2454,#1957,#1958);
#1731=AXIS2_PLACEMENT_3D('',#2460,#1962,#1963);
#1732=AXIS2_PLACEMENT_3D('',#2462,#1964,#1965);
#1733=AXIS2_PLACEMENT_3D('',#2464,#1967,#1968);
#1734=AXIS2_PLACEMENT_3D('',#2468,#1971,#1972);
#1735=AXIS2_PLACEMENT_3D('',#2469,#1973,#1974);
#1736=AXIS2_PLACEMENT_3D('',#2470,#1975,#1976);
#1737=AXIS2_PLACEMENT_3D('',#2472,#1977,#1978);
#1738=AXIS2_PLACEMENT_3D('',#2474,#1980,#1981);
#1739=AXIS2_PLACEMENT_3D('',#2478,#1984,#1985);
#1740=AXIS2_PLACEMENT_3D('',#2479,#1986,#1987);
#1741=AXIS2_PLACEMENT_3D('',#2480,#1988,#1989);
#1742=AXIS2_PLACEMENT_3D('',#2481,#1990,#1991);
#1743=AXIS2_PLACEMENT_3D('',#2483,#1992,#1993);
#1744=AXIS2_PLACEMENT_3D('',#2486,#1995,#1996);
#1745=AXIS2_PLACEMENT_3D('',#2487,#1997,#1998);
#1746=AXIS2_PLACEMENT_3D('',#2489,#1999,#2000);
#1747=AXIS2_PLACEMENT_3D('',#2492,#2002,#2003);
#1748=AXIS2_PLACEMENT_3D('',#2493,#2004,#2005);
#1749=AXIS2_PLACEMENT_3D('',#2495,#2006,#2007);
#1750=AXIS2_PLACEMENT_3D('',#2498,#2009,#2010);
#1751=AXIS2_PLACEMENT_3D('',#2499,#2011,#2012);
#1752=AXIS2_PLACEMENT_3D('',#2501,#2013,#2014);
#1753=AXIS2_PLACEMENT_3D('',#2504,#2016,#2017);
#1754=AXIS2_PLACEMENT_3D('',#2505,#2018,#2019);
#1755=AXIS2_PLACEMENT_3D('',#2514,#2024,#2025);
#1756=AXIS2_PLACEMENT_3D('',#2516,#2026,#2027);
#1757=AXIS2_PLACEMENT_3D('',#2518,#2028,#2029);
#1758=AXIS2_PLACEMENT_3D('',#2520,#2031,#2032);
#1759=AXIS2_PLACEMENT_3D('',#2526,#2036,#2037);
#1760=AXIS2_PLACEMENT_3D('',#2528,#2038,#2039);
#1761=AXIS2_PLACEMENT_3D('',#2530,#2040,#2041);
#1762=AXIS2_PLACEMENT_3D('',#2532,#2043,#2044);
#1763=AXIS2_PLACEMENT_3D('',#2538,#2048,#2049);
#1764=AXIS2_PLACEMENT_3D('',#2540,#2050,#2051);
#1765=AXIS2_PLACEMENT_3D('',#2542,#2052,#2053);
#1766=AXIS2_PLACEMENT_3D('',#2544,#2055,#2056);
#1767=AXIS2_PLACEMENT_3D('',#2550,#2060,#2061);
#1768=AXIS2_PLACEMENT_3D('',#2551,#2062,#2063);
#1769=AXIS2_PLACEMENT_3D('',#2552,#2064,#2065);
#1770=AXIS2_PLACEMENT_3D('',#2553,#2066,#2067);
#1771=AXIS2_PLACEMENT_3D('',#2562,#2072,#2073);
#1772=AXIS2_PLACEMENT_3D('',#2564,#2074,#2075);
#1773=AXIS2_PLACEMENT_3D('',#2567,#2077,#2078);
#1774=AXIS2_PLACEMENT_3D('',#2568,#2079,#2080);
#1775=AXIS2_PLACEMENT_3D('',#2574,#2084,#2085);
#1776=AXIS2_PLACEMENT_3D('',#2576,#2086,#2087);
#1777=AXIS2_PLACEMENT_3D('',#2579,#2089,#2090);
#1778=AXIS2_PLACEMENT_3D('',#2580,#2091,#2092);
#1779=AXIS2_PLACEMENT_3D('',#2586,#2096,#2097);
#1780=AXIS2_PLACEMENT_3D('',#2588,#2098,#2099);
#1781=AXIS2_PLACEMENT_3D('',#2591,#2101,#2102);
#1782=AXIS2_PLACEMENT_3D('',#2592,#2103,#2104);
#1783=AXIS2_PLACEMENT_3D('',#2598,#2108,#2109);
#1784=AXIS2_PLACEMENT_3D('',#2599,#2110,#2111);
#1785=AXIS2_PLACEMENT_3D('',#2600,#2112,#2113);
#1786=AXIS2_PLACEMENT_3D('',#2601,#2114,#2115);
#1787=AXIS2_PLACEMENT_3D('',#2610,#2120,#2121);
#1788=AXIS2_PLACEMENT_3D('',#2612,#2122,#2123);
#1789=AXIS2_PLACEMENT_3D('',#2615,#2125,#2126);
#1790=AXIS2_PLACEMENT_3D('',#2616,#2127,#2128);
#1791=AXIS2_PLACEMENT_3D('',#2622,#2132,#2133);
#1792=AXIS2_PLACEMENT_3D('',#2624,#2134,#2135);
#1793=AXIS2_PLACEMENT_3D('',#2627,#2137,#2138);
#1794=AXIS2_PLACEMENT_3D('',#2628,#2139,#2140);
#1795=AXIS2_PLACEMENT_3D('',#2634,#2144,#2145);
#1796=AXIS2_PLACEMENT_3D('',#2636,#2146,#2147);
#1797=AXIS2_PLACEMENT_3D('',#2639,#2149,#2150);
#1798=AXIS2_PLACEMENT_3D('',#2640,#2151,#2152);
#1799=AXIS2_PLACEMENT_3D('',#2646,#2156,#2157);
#1800=AXIS2_PLACEMENT_3D('',#2647,#2158,#2159);
#1801=AXIS2_PLACEMENT_3D('',#2648,#2160,#2161);
#1802=AXIS2_PLACEMENT_3D('',#2649,#2162,#2163);
#1803=AXIS2_PLACEMENT_3D('',#2658,#2168,#2169);
#1804=AXIS2_PLACEMENT_3D('',#2660,#2170,#2171);
#1805=AXIS2_PLACEMENT_3D('',#2663,#2173,#2174);
#1806=AXIS2_PLACEMENT_3D('',#2664,#2175,#2176);
#1807=AXIS2_PLACEMENT_3D('',#2670,#2180,#2181);
#1808=AXIS2_PLACEMENT_3D('',#2672,#2182,#2183);
#1809=AXIS2_PLACEMENT_3D('',#2675,#2185,#2186);
#1810=AXIS2_PLACEMENT_3D('',#2676,#2187,#2188);
#1811=AXIS2_PLACEMENT_3D('',#2682,#2192,#2193);
#1812=AXIS2_PLACEMENT_3D('',#2684,#2194,#2195);
#1813=AXIS2_PLACEMENT_3D('',#2687,#2197,#2198);
#1814=AXIS2_PLACEMENT_3D('',#2688,#2199,#2200);
#1815=AXIS2_PLACEMENT_3D('',#2694,#2204,#2205);
#1816=AXIS2_PLACEMENT_3D('',#2695,#2206,#2207);
#1817=AXIS2_PLACEMENT_3D('',#2696,#2208,#2209);
#1818=AXIS2_PLACEMENT_3D('',#2697,#2210,#2211);
#1819=AXIS2_PLACEMENT_3D('',#2706,#2216,#2217);
#1820=AXIS2_PLACEMENT_3D('',#2708,#2218,#2219);
#1821=AXIS2_PLACEMENT_3D('',#2711,#2221,#2222);
#1822=AXIS2_PLACEMENT_3D('',#2712,#2223,#2224);
#1823=AXIS2_PLACEMENT_3D('',#2718,#2228,#2229);
#1824=AXIS2_PLACEMENT_3D('',#2720,#2230,#2231);
#1825=AXIS2_PLACEMENT_3D('',#2723,#2233,#2234);
#1826=AXIS2_PLACEMENT_3D('',#2724,#2235,#2236);
#1827=AXIS2_PLACEMENT_3D('',#2730,#2240,#2241);
#1828=AXIS2_PLACEMENT_3D('',#2732,#2242,#2243);
#1829=AXIS2_PLACEMENT_3D('',#2735,#2245,#2246);
#1830=AXIS2_PLACEMENT_3D('',#2736,#2247,#2248);
#1831=AXIS2_PLACEMENT_3D('',#2742,#2252,#2253);
#1832=AXIS2_PLACEMENT_3D('',#2743,#2254,#2255);
#1833=AXIS2_PLACEMENT_3D('',#2744,#2256,#2257);
#1834=AXIS2_PLACEMENT_3D('',#2745,#2258,#2259);
#1835=AXIS2_PLACEMENT_3D('',#2754,#2264,#2265);
#1836=AXIS2_PLACEMENT_3D('',#2756,#2266,#2267);
#1837=AXIS2_PLACEMENT_3D('',#2759,#2269,#2270);
#1838=AXIS2_PLACEMENT_3D('',#2760,#2271,#2272);
#1839=AXIS2_PLACEMENT_3D('',#2766,#2276,#2277);
#1840=AXIS2_PLACEMENT_3D('',#2768,#2278,#2279);
#1841=AXIS2_PLACEMENT_3D('',#2771,#2281,#2282);
#1842=AXIS2_PLACEMENT_3D('',#2772,#2283,#2284);
#1843=AXIS2_PLACEMENT_3D('',#2778,#2288,#2289);
#1844=AXIS2_PLACEMENT_3D('',#2780,#2290,#2291);
#1845=AXIS2_PLACEMENT_3D('',#2783,#2293,#2294);
#1846=AXIS2_PLACEMENT_3D('',#2784,#2295,#2296);
#1847=AXIS2_PLACEMENT_3D('',#2790,#2300,#2301);
#1848=AXIS2_PLACEMENT_3D('',#2791,#2302,#2303);
#1849=AXIS2_PLACEMENT_3D('',#2792,#2304,#2305);
#1850=AXIS2_PLACEMENT_3D('',#2793,#2306,#2307);
#1851=AXIS2_PLACEMENT_3D('',#2802,#2312,#2313);
#1852=AXIS2_PLACEMENT_3D('',#2804,#2314,#2315);
#1853=AXIS2_PLACEMENT_3D('',#2807,#2317,#2318);
#1854=AXIS2_PLACEMENT_3D('',#2808,#2319,#2320);
#1855=AXIS2_PLACEMENT_3D('',#2814,#2324,#2325);
#1856=AXIS2_PLACEMENT_3D('',#2816,#2326,#2327);
#1857=AXIS2_PLACEMENT_3D('',#2819,#2329,#2330);
#1858=AXIS2_PLACEMENT_3D('',#2820,#2331,#2332);
#1859=AXIS2_PLACEMENT_3D('',#2826,#2336,#2337);
#1860=AXIS2_PLACEMENT_3D('',#2828,#2338,#2339);
#1861=AXIS2_PLACEMENT_3D('',#2831,#2341,#2342);
#1862=AXIS2_PLACEMENT_3D('',#2832,#2343,#2344);
#1863=AXIS2_PLACEMENT_3D('',#2838,#2348,#2349);
#1864=AXIS2_PLACEMENT_3D('',#2839,#2350,#2351);
#1865=AXIS2_PLACEMENT_3D('',#2840,#2352,#2353);
#1866=AXIS2_PLACEMENT_3D('',#2841,#2354,#2355);
#1867=AXIS2_PLACEMENT_3D('',#2842,#2356,#2357);
#1868=DIRECTION('axis',(0.,0.,1.));
#1869=DIRECTION('refdir',(1.,0.,0.));
#1870=DIRECTION('center_axis',(1.,0.,0.));
#1871=DIRECTION('ref_axis',(0.,0.,1.));
#1872=DIRECTION('',(0.,0.,1.));
#1873=DIRECTION('',(0.,-1.,0.));
#1874=DIRECTION('',(0.,0.,-1.));
#1875=DIRECTION('',(0.,-1.,0.));
#1876=DIRECTION('center_axis',(-1.,0.,0.));
#1877=DIRECTION('ref_axis',(0.,0.,-1.));
#1878=DIRECTION('',(0.,0.,-1.));
#1879=DIRECTION('',(0.,1.,0.));
#1880=DIRECTION('',(0.,0.,1.));
#1881=DIRECTION('',(0.,-1.,0.));
#1882=DIRECTION('center_axis',(0.,-1.,0.));
#1883=DIRECTION('ref_axis',(1.,0.,0.));
#1884=DIRECTION('',(1.,0.,0.));
#1885=DIRECTION('',(0.,0.,1.));
#1886=DIRECTION('',(1.,0.,0.));
#1887=DIRECTION('center_axis',(0.,-1.,0.));
#1888=DIRECTION('ref_axis',(1.,0.,0.));
#1889=DIRECTION('',(1.,0.,0.));
#1890=DIRECTION('',(0.,0.,1.));
#1891=DIRECTION('',(1.,0.,0.));
#1892=DIRECTION('center_axis',(0.,0.,1.));
#1893=DIRECTION('ref_axis',(1.,0.,0.));
#1894=DIRECTION('',(-1.,0.,0.));
#1895=DIRECTION('center_axis',(0.,0.,1.));
#1896=DIRECTION('ref_axis',(-3.5527136788005E-15,1.,0.));
#1897=DIRECTION('',(1.11161254030053E-16,-1.,0.));
#1898=DIRECTION('center_axis',(0.,0.,1.));
#1899=DIRECTION('ref_axis',(-1.,-8.88178419700125E-15,0.));
#1900=DIRECTION('',(1.,0.,0.));
#1901=DIRECTION('center_axis',(0.,0.,1.));
#1902=DIRECTION('ref_axis',(3.5527136788005E-15,-1.,0.));
#1903=DIRECTION('',(0.,1.,0.));
#1904=DIRECTION('center_axis',(0.,0.,1.));
#1905=DIRECTION('ref_axis',(1.,1.77635683940025E-15,0.));
#1906=DIRECTION('',(-1.,0.,0.));
#1907=DIRECTION('',(0.,-1.,0.));
#1908=DIRECTION('',(-1.,0.,0.));
#1909=DIRECTION('',(0.,1.,0.));
#1910=DIRECTION('center_axis',(0.,0.,-1.));
#1911=DIRECTION('ref_axis',(1.,0.,0.));
#1912=DIRECTION('center_axis',(0.,0.,-1.));
#1913=DIRECTION('ref_axis',(1.,0.,0.));
#1914=DIRECTION('center_axis',(0.,0.,-1.));
#1915=DIRECTION('ref_axis',(1.,0.,0.));
#1916=DIRECTION('center_axis',(0.,0.,-1.));
#1917=DIRECTION('ref_axis',(1.,0.,0.));
#1918=DIRECTION('center_axis',(0.,1.,0.));
#1919=DIRECTION('ref_axis',(-1.,0.,0.));
#1920=DIRECTION('',(1.,0.,0.));
#1921=DIRECTION('',(0.,0.,1.));
#1922=DIRECTION('',(-1.,0.,0.));
#1923=DIRECTION('',(0.,0.,1.));
#1924=DIRECTION('center_axis',(0.,0.,1.));
#1925=DIRECTION('ref_axis',(1.,0.,0.));
#1926=DIRECTION('',(0.,-1.,0.));
#1927=DIRECTION('',(0.,1.,0.));
#1928=DIRECTION('',(-1.,0.,0.));
#1929=DIRECTION('center_axis',(1.,0.,0.));
#1930=DIRECTION('ref_axis',(0.,1.,0.));
#1931=DIRECTION('',(0.,0.,1.));
#1932=DIRECTION('center_axis',(0.,1.,0.));
#1933=DIRECTION('ref_axis',(-1.,0.,0.));
#1934=DIRECTION('',(0.,0.,1.));
#1935=DIRECTION('center_axis',(-1.,0.,0.));
#1936=DIRECTION('ref_axis',(0.,-1.,0.));
#1937=DIRECTION('center_axis',(0.,0.,1.));
#1938=DIRECTION('ref_axis',(1.,0.,0.));
#1939=DIRECTION('',(0.,0.,-1.));
#1940=DIRECTION('center_axis',(0.,0.,-1.));
#1941=DIRECTION('ref_axis',(1.,0.,0.));
#1942=DIRECTION('center_axis',(0.,0.,1.));
#1943=DIRECTION('ref_axis',(1.,0.,0.));
#1944=DIRECTION('',(0.,0.,-1.));
#1945=DIRECTION('center_axis',(0.,0.,-1.));
#1946=DIRECTION('ref_axis',(1.,0.,0.));
#1947=DIRECTION('center_axis',(0.,0.,1.));
#1948=DIRECTION('ref_axis',(1.,0.,0.));
#1949=DIRECTION('',(0.,0.,-1.));
#1950=DIRECTION('center_axis',(0.,0.,-1.));
#1951=DIRECTION('ref_axis',(1.,0.,0.));
#1952=DIRECTION('center_axis',(0.,0.,1.));
#1953=DIRECTION('ref_axis',(1.,0.,0.));
#1954=DIRECTION('',(0.,0.,-1.));
#1955=DIRECTION('center_axis',(0.,0.,-1.));
#1956=DIRECTION('ref_axis',(1.,0.,0.));
#1957=DIRECTION('center_axis',(0.,-1.,0.));
#1958=DIRECTION('ref_axis',(1.,0.,0.));
#1959=DIRECTION('',(1.,0.,0.));
#1960=DIRECTION('',(0.,0.,1.));
#1961=DIRECTION('',(0.,0.,1.));
#1962=DIRECTION('center_axis',(0.,0.,1.));
#1963=DIRECTION('ref_axis',(-1.,-8.88178419700125E-15,0.));
#1964=DIRECTION('center_axis',(0.,0.,1.));
#1965=DIRECTION('ref_axis',(-1.,-8.88178419700125E-15,0.));
#1966=DIRECTION('',(0.,0.,1.));
#1967=DIRECTION('center_axis',(-1.,-1.11161254030053E-16,0.));
#1968=DIRECTION('ref_axis',(1.11161254030053E-16,-1.,0.));
#1969=DIRECTION('',(1.11161254030053E-16,-1.,0.));
#1970=DIRECTION('',(0.,0.,1.));
#1971=DIRECTION('center_axis',(0.,0.,1.));
#1972=DIRECTION('ref_axis',(-3.5527136788005E-15,1.,0.));
#1973=DIRECTION('center_axis',(0.,0.,1.));
#1974=DIRECTION('ref_axis',(-3.5527136788005E-15,1.,0.));
#1975=DIRECTION('center_axis',(0.,0.,1.));
#1976=DIRECTION('ref_axis',(1.,1.77635683940025E-15,0.));
#1977=DIRECTION('center_axis',(0.,0.,1.));
#1978=DIRECTION('ref_axis',(1.,1.77635683940025E-15,0.));
#1979=DIRECTION('',(0.,0.,1.));
#1980=DIRECTION('center_axis',(1.,0.,0.));
#1981=DIRECTION('ref_axis',(0.,1.,0.));
#1982=DIRECTION('',(0.,1.,0.));
#1983=DIRECTION('',(0.,0.,1.));
#1984=DIRECTION('center_axis',(0.,0.,1.));
#1985=DIRECTION('ref_axis',(3.5527136788005E-15,-1.,0.));
#1986=DIRECTION('center_axis',(0.,0.,1.));
#1987=DIRECTION('ref_axis',(3.5527136788005E-15,-1.,0.));
#1988=DIRECTION('center_axis',(0.,0.,1.));
#1989=DIRECTION('ref_axis',(1.,0.,0.));
#1990=DIRECTION('center_axis',(0.,0.,1.));
#1991=DIRECTION('ref_axis',(1.,0.,0.));
#1992=DIRECTION('center_axis',(0.,0.,-1.));
#1993=DIRECTION('ref_axis',(1.,0.,0.));
#1994=DIRECTION('',(0.,0.,-1.));
#1995=DIRECTION('center_axis',(0.,0.,-1.));
#1996=DIRECTION('ref_axis',(1.,0.,0.));
#1997=DIRECTION('center_axis',(0.,0.,1.));
#1998=DIRECTION('ref_axis',(1.,0.,0.));
#1999=DIRECTION('center_axis',(0.,0.,-1.));
#2000=DIRECTION('ref_axis',(1.,0.,0.));
#2001=DIRECTION('',(0.,0.,-1.));
#2002=DIRECTION('center_axis',(0.,0.,-1.));
#2003=DIRECTION('ref_axis',(1.,0.,0.));
#2004=DIRECTION('center_axis',(0.,0.,1.));
#2005=DIRECTION('ref_axis',(1.,0.,0.));
#2006=DIRECTION('center_axis',(0.,0.,-1.));
#2007=DIRECTION('ref_axis',(1.,0.,0.));
#2008=DIRECTION('',(0.,0.,-1.));
#2009=DIRECTION('center_axis',(0.,0.,-1.));
#2010=DIRECTION('ref_axis',(1.,0.,0.));
#2011=DIRECTION('center_axis',(0.,0.,1.));
#2012=DIRECTION('ref_axis',(1.,0.,0.));
#2013=DIRECTION('center_axis',(0.,0.,-1.));
#2014=DIRECTION('ref_axis',(1.,0.,0.));
#2015=DIRECTION('',(0.,0.,-1.));
#2016=DIRECTION('center_axis',(0.,0.,-1.));
#2017=DIRECTION('ref_axis',(1.,0.,0.));
#2018=DIRECTION('center_axis',(0.,-1.,0.));
#2019=DIRECTION('ref_axis',(1.,0.,0.));
#2020=DIRECTION('',(1.,0.,0.));
#2021=DIRECTION('',(0.,0.,1.));
#2022=DIRECTION('',(1.,0.,0.));
#2023=DIRECTION('',(0.,0.,1.));
#2024=DIRECTION('center_axis',(0.,0.,1.));
#2025=DIRECTION('ref_axis',(-1.,-8.88178419700125E-15,0.));
#2026=DIRECTION('center_axis',(0.,0.,1.));
#2027=DIRECTION('ref_axis',(-1.,-8.88178419700125E-15,0.));
#2028=DIRECTION('center_axis',(0.,0.,1.));
#2029=DIRECTION('ref_axis',(-1.,-8.88178419700125E-15,0.));
#2030=DIRECTION('',(0.,0.,1.));
#2031=DIRECTION('center_axis',(-1.,-1.11161254030053E-16,0.));
#2032=DIRECTION('ref_axis',(1.11161254030053E-16,-1.,0.));
#2033=DIRECTION('',(1.11161254030053E-16,-1.,0.));
#2034=DIRECTION('',(1.11161254030053E-16,-1.,0.));
#2035=DIRECTION('',(0.,0.,1.));
#2036=DIRECTION('center_axis',(0.,0.,1.));
#2037=DIRECTION('ref_axis',(-3.5527136788005E-15,1.,0.));
#2038=DIRECTION('center_axis',(0.,0.,1.));
#2039=DIRECTION('ref_axis',(-3.5527136788005E-15,1.,0.));
#2040=DIRECTION('center_axis',(0.,0.,1.));
#2041=DIRECTION('ref_axis',(-3.5527136788005E-15,1.,0.));
#2042=DIRECTION('',(0.,0.,1.));
#2043=DIRECTION('center_axis',(0.,1.,0.));
#2044=DIRECTION('ref_axis',(-1.,0.,0.));
#2045=DIRECTION('',(-1.,0.,0.));
#2046=DIRECTION('',(-1.,0.,0.));
#2047=DIRECTION('',(0.,0.,1.));
#2048=DIRECTION('center_axis',(0.,0.,1.));
#2049=DIRECTION('ref_axis',(1.,1.77635683940025E-15,0.));
#2050=DIRECTION('center_axis',(0.,0.,1.));
#2051=DIRECTION('ref_axis',(1.,1.77635683940025E-15,0.));
#2052=DIRECTION('center_axis',(0.,0.,1.));
#2053=DIRECTION('ref_axis',(1.,1.77635683940025E-15,0.));
#2054=DIRECTION('',(0.,0.,1.));
#2055=DIRECTION('center_axis',(1.,0.,0.));
#2056=DIRECTION('ref_axis',(0.,1.,0.));
#2057=DIRECTION('',(0.,1.,0.));
#2058=DIRECTION('',(0.,1.,0.));
#2059=DIRECTION('',(0.,0.,1.));
#2060=DIRECTION('center_axis',(0.,0.,1.));
#2061=DIRECTION('ref_axis',(3.5527136788005E-15,-1.,0.));
#2062=DIRECTION('center_axis',(0.,0.,1.));
#2063=DIRECTION('ref_axis',(3.5527136788005E-15,-1.,0.));
#2064=DIRECTION('center_axis',(0.,0.,1.));
#2065=DIRECTION('ref_axis',(3.5527136788005E-15,-1.,0.));
#2066=DIRECTION('center_axis',(0.,1.,0.));
#2067=DIRECTION('ref_axis',(-1.,0.,0.));
#2068=DIRECTION('',(-1.,0.,0.));
#2069=DIRECTION('',(0.,0.,1.));
#2070=DIRECTION('',(1.,0.,0.));
#2071=DIRECTION('',(0.,0.,1.));
#2072=DIRECTION('center_axis',(0.,0.,1.));
#2073=DIRECTION('ref_axis',(1.,0.,0.));
#2074=DIRECTION('center_axis',(0.,0.,1.));
#2075=DIRECTION('ref_axis',(1.,0.,0.));
#2076=DIRECTION('',(0.,0.,1.));
#2077=DIRECTION('center_axis',(0.,0.,-1.));
#2078=DIRECTION('ref_axis',(1.,0.,0.));
#2079=DIRECTION('center_axis',(1.,0.,0.));
#2080=DIRECTION('ref_axis',(0.,1.,0.));
#2081=DIRECTION('',(0.,1.,0.));
#2082=DIRECTION('',(0.,0.,1.));
#2083=DIRECTION('',(0.,-1.,0.));
#2084=DIRECTION('center_axis',(0.,0.,1.));
#2085=DIRECTION('ref_axis',(-4.4408920985006E-15,-1.,0.));
#2086=DIRECTION('center_axis',(0.,0.,1.));
#2087=DIRECTION('ref_axis',(-4.4408920985006E-15,-1.,0.));
#2088=DIRECTION('',(0.,0.,1.));
#2089=DIRECTION('center_axis',(0.,0.,-1.));
#2090=DIRECTION('ref_axis',(-4.4408920985006E-15,-1.,0.));
#2091=DIRECTION('center_axis',(0.,-1.,0.));
#2092=DIRECTION('ref_axis',(1.,0.,0.));
#2093=DIRECTION('',(1.,0.,0.));
#2094=DIRECTION('',(0.,0.,1.));
#2095=DIRECTION('',(-1.,0.,0.));
#2096=DIRECTION('center_axis',(0.,0.,1.));
#2097=DIRECTION('ref_axis',(-1.,0.,0.));
#2098=DIRECTION('center_axis',(0.,0.,1.));
#2099=DIRECTION('ref_axis',(-1.,0.,0.));
#2100=DIRECTION('',(0.,0.,1.));
#2101=DIRECTION('center_axis',(0.,0.,-1.));
#2102=DIRECTION('ref_axis',(-1.,0.,0.));
#2103=DIRECTION('center_axis',(-1.,0.,0.));
#2104=DIRECTION('ref_axis',(0.,-1.,0.));
#2105=DIRECTION('',(0.,-1.,0.));
#2106=DIRECTION('',(0.,0.,1.));
#2107=DIRECTION('',(0.,1.,0.));
#2108=DIRECTION('center_axis',(0.,0.,1.));
#2109=DIRECTION('ref_axis',(0.,1.,0.));
#2110=DIRECTION('center_axis',(0.,0.,1.));
#2111=DIRECTION('ref_axis',(0.,1.,0.));
#2112=DIRECTION('center_axis',(0.,0.,-1.));
#2113=DIRECTION('ref_axis',(0.,1.,0.));
#2114=DIRECTION('center_axis',(0.,1.,0.));
#2115=DIRECTION('ref_axis',(-1.,0.,0.));
#2116=DIRECTION('',(-1.,0.,0.));
#2117=DIRECTION('',(0.,0.,1.));
#2118=DIRECTION('',(1.,0.,0.));
#2119=DIRECTION('',(0.,0.,1.));
#2120=DIRECTION('center_axis',(0.,0.,1.));
#2121=DIRECTION('ref_axis',(1.,0.,0.));
#2122=DIRECTION('center_axis',(0.,0.,1.));
#2123=DIRECTION('ref_axis',(1.,0.,0.));
#2124=DIRECTION('',(0.,0.,1.));
#2125=DIRECTION('center_axis',(0.,0.,-1.));
#2126=DIRECTION('ref_axis',(1.,0.,0.));
#2127=DIRECTION('center_axis',(1.,0.,0.));
#2128=DIRECTION('ref_axis',(0.,1.,0.));
#2129=DIRECTION('',(0.,1.,0.));
#2130=DIRECTION('',(0.,0.,1.));
#2131=DIRECTION('',(0.,-1.,0.));
#2132=DIRECTION('center_axis',(0.,0.,1.));
#2133=DIRECTION('ref_axis',(0.,-1.,0.));
#2134=DIRECTION('center_axis',(0.,0.,1.));
#2135=DIRECTION('ref_axis',(0.,-1.,0.));
#2136=DIRECTION('',(0.,0.,1.));
#2137=DIRECTION('center_axis',(0.,0.,-1.));
#2138=DIRECTION('ref_axis',(0.,-1.,0.));
#2139=DIRECTION('center_axis',(0.,-1.,0.));
#2140=DIRECTION('ref_axis',(1.,0.,0.));
#2141=DIRECTION('',(1.,0.,0.));
#2142=DIRECTION('',(0.,0.,1.));
#2143=DIRECTION('',(-1.,0.,0.));
#2144=DIRECTION('center_axis',(0.,0.,1.));
#2145=DIRECTION('ref_axis',(-1.,0.,0.));
#2146=DIRECTION('center_axis',(0.,0.,1.));
#2147=DIRECTION('ref_axis',(-1.,0.,0.));
#2148=DIRECTION('',(0.,0.,1.));
#2149=DIRECTION('center_axis',(0.,0.,-1.));
#2150=DIRECTION('ref_axis',(-1.,0.,0.));
#2151=DIRECTION('center_axis',(-1.,0.,0.));
#2152=DIRECTION('ref_axis',(0.,-1.,0.));
#2153=DIRECTION('',(0.,-1.,0.));
#2154=DIRECTION('',(0.,0.,1.));
#2155=DIRECTION('',(0.,1.,0.));
#2156=DIRECTION('center_axis',(0.,0.,1.));
#2157=DIRECTION('ref_axis',(0.,1.,0.));
#2158=DIRECTION('center_axis',(0.,0.,1.));
#2159=DIRECTION('ref_axis',(0.,1.,0.));
#2160=DIRECTION('center_axis',(0.,0.,-1.));
#2161=DIRECTION('ref_axis',(0.,1.,0.));
#2162=DIRECTION('center_axis',(0.,1.,0.));
#2163=DIRECTION('ref_axis',(-1.,0.,0.));
#2164=DIRECTION('',(-1.,0.,0.));
#2165=DIRECTION('',(0.,0.,1.));
#2166=DIRECTION('',(1.,0.,0.));
#2167=DIRECTION('',(0.,0.,1.));
#2168=DIRECTION('center_axis',(0.,0.,1.));
#2169=DIRECTION('ref_axis',(1.,0.,0.));
#2170=DIRECTION('center_axis',(0.,0.,1.));
#2171=DIRECTION('ref_axis',(1.,0.,0.));
#2172=DIRECTION('',(0.,0.,1.));
#2173=DIRECTION('center_axis',(0.,0.,-1.));
#2174=DIRECTION('ref_axis',(1.,0.,0.));
#2175=DIRECTION('center_axis',(1.,0.,0.));
#2176=DIRECTION('ref_axis',(0.,1.,0.));
#2177=DIRECTION('',(0.,1.,0.));
#2178=DIRECTION('',(0.,0.,1.));
#2179=DIRECTION('',(0.,-1.,0.));
#2180=DIRECTION('center_axis',(0.,0.,1.));
#2181=DIRECTION('ref_axis',(0.,-1.,0.));
#2182=DIRECTION('center_axis',(0.,0.,1.));
#2183=DIRECTION('ref_axis',(0.,-1.,0.));
#2184=DIRECTION('',(0.,0.,1.));
#2185=DIRECTION('center_axis',(0.,0.,-1.));
#2186=DIRECTION('ref_axis',(0.,-1.,0.));
#2187=DIRECTION('center_axis',(0.,-1.,0.));
#2188=DIRECTION('ref_axis',(1.,0.,0.));
#2189=DIRECTION('',(1.,0.,0.));
#2190=DIRECTION('',(0.,0.,1.));
#2191=DIRECTION('',(-1.,0.,0.));
#2192=DIRECTION('center_axis',(0.,0.,1.));
#2193=DIRECTION('ref_axis',(-1.,0.,0.));
#2194=DIRECTION('center_axis',(0.,0.,1.));
#2195=DIRECTION('ref_axis',(-1.,0.,0.));
#2196=DIRECTION('',(0.,0.,1.));
#2197=DIRECTION('center_axis',(0.,0.,-1.));
#2198=DIRECTION('ref_axis',(-1.,0.,0.));
#2199=DIRECTION('center_axis',(-1.,0.,0.));
#2200=DIRECTION('ref_axis',(0.,-1.,0.));
#2201=DIRECTION('',(0.,-1.,0.));
#2202=DIRECTION('',(0.,0.,1.));
#2203=DIRECTION('',(0.,1.,0.));
#2204=DIRECTION('center_axis',(0.,0.,1.));
#2205=DIRECTION('ref_axis',(0.,1.,0.));
#2206=DIRECTION('center_axis',(0.,0.,1.));
#2207=DIRECTION('ref_axis',(0.,1.,0.));
#2208=DIRECTION('center_axis',(0.,0.,-1.));
#2209=DIRECTION('ref_axis',(0.,1.,0.));
#2210=DIRECTION('center_axis',(0.,1.,0.));
#2211=DIRECTION('ref_axis',(-1.,0.,0.));
#2212=DIRECTION('',(-1.,0.,0.));
#2213=DIRECTION('',(0.,0.,1.));
#2214=DIRECTION('',(1.,0.,0.));
#2215=DIRECTION('',(0.,0.,1.));
#2216=DIRECTION('center_axis',(0.,0.,1.));
#2217=DIRECTION('ref_axis',(1.,0.,0.));
#2218=DIRECTION('center_axis',(0.,0.,1.));
#2219=DIRECTION('ref_axis',(1.,0.,0.));
#2220=DIRECTION('',(0.,0.,1.));
#2221=DIRECTION('center_axis',(0.,0.,-1.));
#2222=DIRECTION('ref_axis',(1.,0.,0.));
#2223=DIRECTION('center_axis',(1.,0.,0.));
#2224=DIRECTION('ref_axis',(0.,1.,0.));
#2225=DIRECTION('',(0.,1.,0.));
#2226=DIRECTION('',(0.,0.,1.));
#2227=DIRECTION('',(0.,-1.,0.));
#2228=DIRECTION('center_axis',(0.,0.,1.));
#2229=DIRECTION('ref_axis',(-4.44089209850064E-15,-1.,0.));
#2230=DIRECTION('center_axis',(0.,0.,1.));
#2231=DIRECTION('ref_axis',(-4.44089209850064E-15,-1.,0.));
#2232=DIRECTION('',(0.,0.,1.));
#2233=DIRECTION('center_axis',(0.,0.,-1.));
#2234=DIRECTION('ref_axis',(-4.44089209850064E-15,-1.,0.));
#2235=DIRECTION('center_axis',(0.,-1.,0.));
#2236=DIRECTION('ref_axis',(1.,0.,0.));
#2237=DIRECTION('',(1.,0.,0.));
#2238=DIRECTION('',(0.,0.,1.));
#2239=DIRECTION('',(-1.,0.,0.));
#2240=DIRECTION('center_axis',(0.,0.,1.));
#2241=DIRECTION('ref_axis',(-1.,0.,0.));
#2242=DIRECTION('center_axis',(0.,0.,1.));
#2243=DIRECTION('ref_axis',(-1.,0.,0.));
#2244=DIRECTION('',(0.,0.,1.));
#2245=DIRECTION('center_axis',(0.,0.,-1.));
#2246=DIRECTION('ref_axis',(-1.,0.,0.));
#2247=DIRECTION('center_axis',(-1.,0.,0.));
#2248=DIRECTION('ref_axis',(0.,-1.,0.));
#2249=DIRECTION('',(0.,-1.,0.));
#2250=DIRECTION('',(0.,0.,1.));
#2251=DIRECTION('',(0.,1.,0.));
#2252=DIRECTION('center_axis',(0.,0.,1.));
#2253=DIRECTION('ref_axis',(0.,1.,0.));
#2254=DIRECTION('center_axis',(0.,0.,1.));
#2255=DIRECTION('ref_axis',(0.,1.,0.));
#2256=DIRECTION('center_axis',(0.,0.,-1.));
#2257=DIRECTION('ref_axis',(0.,1.,0.));
#2258=DIRECTION('center_axis',(0.,1.,0.));
#2259=DIRECTION('ref_axis',(-1.,0.,0.));
#2260=DIRECTION('',(-1.,0.,0.));
#2261=DIRECTION('',(0.,0.,1.));
#2262=DIRECTION('',(1.,0.,0.));
#2263=DIRECTION('',(0.,0.,1.));
#2264=DIRECTION('center_axis',(0.,0.,1.));
#2265=DIRECTION('ref_axis',(1.,0.,0.));
#2266=DIRECTION('center_axis',(0.,0.,1.));
#2267=DIRECTION('ref_axis',(1.,0.,0.));
#2268=DIRECTION('',(0.,0.,1.));
#2269=DIRECTION('center_axis',(0.,0.,-1.));
#2270=DIRECTION('ref_axis',(1.,0.,0.));
#2271=DIRECTION('center_axis',(1.,0.,0.));
#2272=DIRECTION('ref_axis',(0.,1.,0.));
#2273=DIRECTION('',(0.,1.,0.));
#2274=DIRECTION('',(0.,0.,1.));
#2275=DIRECTION('',(0.,-1.,0.));
#2276=DIRECTION('center_axis',(0.,0.,1.));
#2277=DIRECTION('ref_axis',(0.,-1.,0.));
#2278=DIRECTION('center_axis',(0.,0.,1.));
#2279=DIRECTION('ref_axis',(0.,-1.,0.));
#2280=DIRECTION('',(0.,0.,1.));
#2281=DIRECTION('center_axis',(0.,0.,-1.));
#2282=DIRECTION('ref_axis',(0.,-1.,0.));
#2283=DIRECTION('center_axis',(0.,-1.,0.));
#2284=DIRECTION('ref_axis',(1.,0.,0.));
#2285=DIRECTION('',(1.,0.,0.));
#2286=DIRECTION('',(0.,0.,1.));
#2287=DIRECTION('',(-1.,0.,0.));
#2288=DIRECTION('center_axis',(0.,0.,1.));
#2289=DIRECTION('ref_axis',(-1.,0.,0.));
#2290=DIRECTION('center_axis',(0.,0.,1.));
#2291=DIRECTION('ref_axis',(-1.,0.,0.));
#2292=DIRECTION('',(0.,0.,1.));
#2293=DIRECTION('center_axis',(0.,0.,-1.));
#2294=DIRECTION('ref_axis',(-1.,0.,0.));
#2295=DIRECTION('center_axis',(-1.,0.,0.));
#2296=DIRECTION('ref_axis',(0.,-1.,0.));
#2297=DIRECTION('',(0.,-1.,0.));
#2298=DIRECTION('',(0.,0.,1.));
#2299=DIRECTION('',(0.,1.,0.));
#2300=DIRECTION('center_axis',(0.,0.,1.));
#2301=DIRECTION('ref_axis',(0.,1.,0.));
#2302=DIRECTION('center_axis',(0.,0.,1.));
#2303=DIRECTION('ref_axis',(0.,1.,0.));
#2304=DIRECTION('center_axis',(0.,0.,-1.));
#2305=DIRECTION('ref_axis',(0.,1.,0.));
#2306=DIRECTION('center_axis',(0.,1.,0.));
#2307=DIRECTION('ref_axis',(-1.,0.,0.));
#2308=DIRECTION('',(-1.,0.,0.));
#2309=DIRECTION('',(0.,0.,1.));
#2310=DIRECTION('',(1.,0.,0.));
#2311=DIRECTION('',(0.,0.,1.));
#2312=DIRECTION('center_axis',(0.,0.,1.));
#2313=DIRECTION('ref_axis',(1.,0.,0.));
#2314=DIRECTION('center_axis',(0.,0.,1.));
#2315=DIRECTION('ref_axis',(1.,0.,0.));
#2316=DIRECTION('',(0.,0.,1.));
#2317=DIRECTION('center_axis',(0.,0.,-1.));
#2318=DIRECTION('ref_axis',(1.,0.,0.));
#2319=DIRECTION('center_axis',(1.,0.,0.));
#2320=DIRECTION('ref_axis',(0.,1.,0.));
#2321=DIRECTION('',(0.,1.,0.));
#2322=DIRECTION('',(0.,0.,1.));
#2323=DIRECTION('',(0.,-1.,0.));
#2324=DIRECTION('center_axis',(0.,0.,1.));
#2325=DIRECTION('ref_axis',(0.,-1.,0.));
#2326=DIRECTION('center_axis',(0.,0.,1.));
#2327=DIRECTION('ref_axis',(0.,-1.,0.));
#2328=DIRECTION('',(0.,0.,1.));
#2329=DIRECTION('center_axis',(0.,0.,-1.));
#2330=DIRECTION('ref_axis',(0.,-1.,0.));
#2331=DIRECTION('center_axis',(0.,-1.,0.));
#2332=DIRECTION('ref_axis',(1.,0.,0.));
#2333=DIRECTION('',(1.,0.,0.));
#2334=DIRECTION('',(0.,0.,1.));
#2335=DIRECTION('',(-1.,0.,0.));
#2336=DIRECTION('center_axis',(0.,0.,1.));
#2337=DIRECTION('ref_axis',(-1.,0.,0.));
#2338=DIRECTION('center_axis',(0.,0.,1.));
#2339=DIRECTION('ref_axis',(-1.,0.,0.));
#2340=DIRECTION('',(0.,0.,1.));
#2341=DIRECTION('center_axis',(0.,0.,-1.));
#2342=DIRECTION('ref_axis',(-1.,0.,0.));
#2343=DIRECTION('center_axis',(-1.,0.,0.));
#2344=DIRECTION('ref_axis',(0.,-1.,0.));
#2345=DIRECTION('',(0.,-1.,0.));
#2346=DIRECTION('',(0.,0.,1.));
#2347=DIRECTION('',(0.,1.,0.));
#2348=DIRECTION('center_axis',(0.,0.,1.));
#2349=DIRECTION('ref_axis',(0.,1.,0.));
#2350=DIRECTION('center_axis',(0.,0.,1.));
#2351=DIRECTION('ref_axis',(0.,1.,0.));
#2352=DIRECTION('center_axis',(0.,0.,-1.));
#2353=DIRECTION('ref_axis',(0.,1.,0.));
#2354=DIRECTION('center_axis',(0.,0.,1.));
#2355=DIRECTION('ref_axis',(1.,0.,0.));
#2356=DIRECTION('center_axis',(0.,0.,1.));
#2357=DIRECTION('ref_axis',(1.,0.,0.));
#2358=CARTESIAN_POINT('',(0.,0.,0.));
#2359=CARTESIAN_POINT('Origin',(8.00000001490116,42.45,3.00000004470348));
#2360=CARTESIAN_POINT('',(8.00000001490116,42.45,3.00000004470348));
#2361=CARTESIAN_POINT('',(8.00000001490116,42.45,13.0000001639128));
#2362=CARTESIAN_POINT('',(8.00000001490116,42.45,1.50000002235174));
#2363=CARTESIAN_POINT('',(8.00000001490116,32.45,3.00000004470348));
#2364=CARTESIAN_POINT('',(8.00000001490116,42.45,3.00000004470348));
#2365=CARTESIAN_POINT('',(8.00000001490116,32.45,13.0000001639128));
#2366=CARTESIAN_POINT('',(8.00000001490116,32.45,1.50000002235174));
#2367=CARTESIAN_POINT('',(8.00000001490116,21.225,13.));
#2368=CARTESIAN_POINT('Origin',(-8.,42.45,13.0000001639128));
#2369=CARTESIAN_POINT('',(-8.,42.45,13.0000001639128));
#2370=CARTESIAN_POINT('',(-8.,42.45,3.00000004470348));
#2371=CARTESIAN_POINT('',(-8.,42.45,6.50000008195639));
#2372=CARTESIAN_POINT('',(-8.,32.45,13.0000001639128));
#2373=CARTESIAN_POINT('',(-8.,21.225,13.));
#2374=CARTESIAN_POINT('',(-8.,32.45,3.00000004470348));
#2375=CARTESIAN_POINT('',(-8.,32.45,6.50000008195639));
#2376=CARTESIAN_POINT('',(-8.,42.45,3.00000004470348));
#2377=CARTESIAN_POINT('Origin',(-30.2,32.45,0.));
#2378=CARTESIAN_POINT('',(30.2,32.45,3.));
#2379=CARTESIAN_POINT('',(-15.1,32.45,3.));
#2380=CARTESIAN_POINT('',(30.2,32.45,13.));
#2381=CARTESIAN_POINT('',(30.2,32.45,0.));
#2382=CARTESIAN_POINT('',(30.2,32.45,13.));
#2383=CARTESIAN_POINT('Origin',(-30.2,32.45,0.));
#2384=CARTESIAN_POINT('',(-30.2,32.45,13.));
#2385=CARTESIAN_POINT('',(30.2,32.45,13.));
#2386=CARTESIAN_POINT('',(-30.2,32.45,3.));
#2387=CARTESIAN_POINT('',(-30.2,32.45,0.));
#2388=CARTESIAN_POINT('',(-15.1,32.45,3.));
#2389=CARTESIAN_POINT('Origin',(0.,0.,13.));
#2390=CARTESIAN_POINT('',(-37.7,42.45,13.));
#2391=CARTESIAN_POINT('',(37.7,42.45,13.));
#2392=CARTESIAN_POINT('',(-40.2,39.95,13.));
#2393=CARTESIAN_POINT('Origin',(-37.7,39.95,13.));
#2394=CARTESIAN_POINT('',(-40.2,-39.95,13.));
#2395=CARTESIAN_POINT('',(-40.2,39.95,13.));
#2396=CARTESIAN_POINT('',(-37.7,-42.45,13.));
#2397=CARTESIAN_POINT('Origin',(-37.7,-39.95,13.));
#2398=CARTESIAN_POINT('',(37.7,-42.45,13.));
#2399=CARTESIAN_POINT('',(-37.7,-42.45,13.));
#2400=CARTESIAN_POINT('',(40.2,-39.95,13.));
#2401=CARTESIAN_POINT('Origin',(37.7,-39.95,13.));
#2402=CARTESIAN_POINT('',(40.2,39.95,13.));
#2403=CARTESIAN_POINT('',(40.2,-39.95,13.));
#2404=CARTESIAN_POINT('',(37.7,42.45,13.));
#2405=CARTESIAN_POINT('Origin',(37.7,39.95,13.));
#2406=CARTESIAN_POINT('',(37.7,42.45,13.));
#2407=CARTESIAN_POINT('',(30.2,-32.45,13.));
#2408=CARTESIAN_POINT('',(30.2,-32.45,13.));
#2409=CARTESIAN_POINT('',(-30.2,-32.45,13.));
#2410=CARTESIAN_POINT('',(-30.2,-32.45,13.));
#2411=CARTESIAN_POINT('',(-30.2,32.45,13.));
#2412=CARTESIAN_POINT('',(33.75,37.45,13.));
#2413=CARTESIAN_POINT('Origin',(35.2,37.45,13.));
#2414=CARTESIAN_POINT('',(-36.65,37.45,13.));
#2415=CARTESIAN_POINT('Origin',(-35.2,37.45,13.));
#2416=CARTESIAN_POINT('',(-36.65,-37.45,13.));
#2417=CARTESIAN_POINT('Origin',(-35.2,-37.45,13.));
#2418=CARTESIAN_POINT('',(33.75,-37.45,13.));
#2419=CARTESIAN_POINT('Origin',(35.2,-37.45,13.));
#2420=CARTESIAN_POINT('Origin',(37.7,42.45,0.));
#2421=CARTESIAN_POINT('',(14.85,42.45,3.00000004470348));
#2422=CARTESIAN_POINT('',(37.7,42.45,0.));
#2423=CARTESIAN_POINT('',(37.7,42.45,0.));
#2424=CARTESIAN_POINT('',(-37.7,42.45,0.));
#2425=CARTESIAN_POINT('',(37.7,42.45,0.));
#2426=CARTESIAN_POINT('',(-37.7,42.45,0.));
#2427=CARTESIAN_POINT('Origin',(0.,0.,3.));
#2428=CARTESIAN_POINT('',(30.2,-32.45,3.));
#2429=CARTESIAN_POINT('',(30.2,16.225,3.));
#2430=CARTESIAN_POINT('',(-30.2,-32.45,3.));
#2431=CARTESIAN_POINT('',(-30.2,-16.225,3.));
#2432=CARTESIAN_POINT('',(15.1,-32.45,3.));
#2433=CARTESIAN_POINT('Origin',(-30.2,-32.45,0.));
#2434=CARTESIAN_POINT('',(-30.2,-32.45,0.));
#2435=CARTESIAN_POINT('Origin',(30.2,-32.45,0.));
#2436=CARTESIAN_POINT('',(30.2,-32.45,0.));
#2437=CARTESIAN_POINT('Origin',(30.2,32.45,0.));
#2438=CARTESIAN_POINT('Origin',(35.2,37.45,0.));
#2439=CARTESIAN_POINT('',(33.75,37.45,0.));
#2440=CARTESIAN_POINT('',(33.75,37.45,0.));
#2441=CARTESIAN_POINT('Origin',(35.2,37.45,0.));
#2442=CARTESIAN_POINT('Origin',(-35.2,37.45,0.));
#2443=CARTESIAN_POINT('',(-36.65,37.45,0.));
#2444=CARTESIAN_POINT('',(-36.65,37.45,0.));
#2445=CARTESIAN_POINT('Origin',(-35.2,37.45,0.));
#2446=CARTESIAN_POINT('Origin',(-35.2,-37.45,0.));
#2447=CARTESIAN_POINT('',(-36.65,-37.45,0.));
#2448=CARTESIAN_POINT('',(-36.65,-37.45,0.));
#2449=CARTESIAN_POINT('Origin',(-35.2,-37.45,0.));
#2450=CARTESIAN_POINT('Origin',(35.2,-37.45,0.));
#2451=CARTESIAN_POINT('',(33.75,-37.45,0.));
#2452=CARTESIAN_POINT('',(33.75,-37.45,0.));
#2453=CARTESIAN_POINT('Origin',(35.2,-37.45,0.));
#2454=CARTESIAN_POINT('Origin',(-37.7,-42.45,0.));
#2455=CARTESIAN_POINT('',(-37.7,-42.45,0.));
#2456=CARTESIAN_POINT('',(37.7,-42.45,0.));
#2457=CARTESIAN_POINT('',(-37.7,-42.45,0.));
#2458=CARTESIAN_POINT('',(37.7,-42.45,0.));
#2459=CARTESIAN_POINT('',(-37.7,-42.45,0.));
#2460=CARTESIAN_POINT('Origin',(-37.7,-39.95,0.));
#2461=CARTESIAN_POINT('',(-40.2,-39.95,0.));
#2462=CARTESIAN_POINT('Origin',(-37.7,-39.95,0.));
#2463=CARTESIAN_POINT('',(-40.2,-39.95,0.));
#2464=CARTESIAN_POINT('Origin',(-40.2,39.95,0.));
#2465=CARTESIAN_POINT('',(-40.2,39.95,0.));
#2466=CARTESIAN_POINT('',(-40.2,39.95,0.));
#2467=CARTESIAN_POINT('',(-40.2,39.95,0.));
#2468=CARTESIAN_POINT('Origin',(-37.7,39.95,0.));
#2469=CARTESIAN_POINT('Origin',(-37.7,39.95,0.));
#2470=CARTESIAN_POINT('Origin',(37.7,39.95,0.));
#2471=CARTESIAN_POINT('',(40.2,39.95,0.));
#2472=CARTESIAN_POINT('Origin',(37.7,39.95,0.));
#2473=CARTESIAN_POINT('',(40.2,39.95,0.));
#2474=CARTESIAN_POINT('Origin',(40.2,-39.95,0.));
#2475=CARTESIAN_POINT('',(40.2,-39.95,0.));
#2476=CARTESIAN_POINT('',(40.2,-39.95,0.));
#2477=CARTESIAN_POINT('',(40.2,-39.95,0.));
#2478=CARTESIAN_POINT('Origin',(37.7,-39.95,0.));
#2479=CARTESIAN_POINT('Origin',(37.7,-39.95,0.));
#2480=CARTESIAN_POINT('Origin',(0.,0.,0.));
#2481=CARTESIAN_POINT('Origin',(35.2,37.45,13.));
#2482=CARTESIAN_POINT('',(33.75,37.45,16.));
#2483=CARTESIAN_POINT('Origin',(35.2,37.45,16.));
#2484=CARTESIAN_POINT('',(33.75,37.45,13.));
#2485=CARTESIAN_POINT('',(33.75,37.45,13.));
#2486=CARTESIAN_POINT('Origin',(35.2,37.45,13.));
#2487=CARTESIAN_POINT('Origin',(35.2,-37.45,13.));
#2488=CARTESIAN_POINT('',(33.75,-37.45,16.));
#2489=CARTESIAN_POINT('Origin',(35.2,-37.45,16.));
#2490=CARTESIAN_POINT('',(33.75,-37.45,13.));
#2491=CARTESIAN_POINT('',(33.75,-37.45,13.));
#2492=CARTESIAN_POINT('Origin',(35.2,-37.45,13.));
#2493=CARTESIAN_POINT('Origin',(-35.2,37.45,13.));
#2494=CARTESIAN_POINT('',(-36.65,37.45,16.));
#2495=CARTESIAN_POINT('Origin',(-35.2,37.45,16.));
#2496=CARTESIAN_POINT('',(-36.65,37.45,13.));
#2497=CARTESIAN_POINT('',(-36.65,37.45,13.));
#2498=CARTESIAN_POINT('Origin',(-35.2,37.45,13.));
#2499=CARTESIAN_POINT('Origin',(-35.2,-37.45,13.));
#2500=CARTESIAN_POINT('',(-36.65,-37.45,16.));
#2501=CARTESIAN_POINT('Origin',(-35.2,-37.45,16.));
#2502=CARTESIAN_POINT('',(-36.65,-37.45,13.));
#2503=CARTESIAN_POINT('',(-36.65,-37.45,13.));
#2504=CARTESIAN_POINT('Origin',(-35.2,-37.45,13.));
#2505=CARTESIAN_POINT('Origin',(-37.7,-42.45,13.));
#2506=CARTESIAN_POINT('',(-37.7,-42.45,13.));
#2507=CARTESIAN_POINT('',(37.7,-42.45,13.));
#2508=CARTESIAN_POINT('',(-37.7,-42.45,13.));
#2509=CARTESIAN_POINT('',(37.7,-42.45,16.));
#2510=CARTESIAN_POINT('',(37.7,-42.45,13.));
#2511=CARTESIAN_POINT('',(-37.7,-42.45,16.));
#2512=CARTESIAN_POINT('',(-37.7,-42.45,16.));
#2513=CARTESIAN_POINT('',(-37.7,-42.45,13.));
#2514=CARTESIAN_POINT('Origin',(-37.7,-39.95,13.));
#2515=CARTESIAN_POINT('',(-40.2,-39.95,13.));
#2516=CARTESIAN_POINT('Origin',(-37.7,-39.95,13.));
#2517=CARTESIAN_POINT('',(-40.2,-39.95,16.));
#2518=CARTESIAN_POINT('Origin',(-37.7,-39.95,16.));
#2519=CARTESIAN_POINT('',(-40.2,-39.95,13.));
#2520=CARTESIAN_POINT('Origin',(-40.2,39.95,13.));
#2521=CARTESIAN_POINT('',(-40.2,39.95,13.));
#2522=CARTESIAN_POINT('',(-40.2,39.95,13.));
#2523=CARTESIAN_POINT('',(-40.2,39.95,16.));
#2524=CARTESIAN_POINT('',(-40.2,39.95,16.));
#2525=CARTESIAN_POINT('',(-40.2,39.95,13.));
#2526=CARTESIAN_POINT('Origin',(-37.7,39.95,13.));
#2527=CARTESIAN_POINT('',(-37.7,42.45,13.));
#2528=CARTESIAN_POINT('Origin',(-37.7,39.95,13.));
#2529=CARTESIAN_POINT('',(-37.7,42.45,16.));
#2530=CARTESIAN_POINT('Origin',(-37.7,39.95,16.));
#2531=CARTESIAN_POINT('',(-37.7,42.45,13.));
#2532=CARTESIAN_POINT('Origin',(37.7,42.45,13.));
#2533=CARTESIAN_POINT('',(37.7,42.45,13.));
#2534=CARTESIAN_POINT('',(37.7,42.45,13.));
#2535=CARTESIAN_POINT('',(37.7,42.45,16.));
#2536=CARTESIAN_POINT('',(37.7,42.45,16.));
#2537=CARTESIAN_POINT('',(37.7,42.45,13.));
#2538=CARTESIAN_POINT('Origin',(37.7,39.95,13.));
#2539=CARTESIAN_POINT('',(40.2,39.95,13.));
#2540=CARTESIAN_POINT('Origin',(37.7,39.95,13.));
#2541=CARTESIAN_POINT('',(40.2,39.95,16.));
#2542=CARTESIAN_POINT('Origin',(37.7,39.95,16.));
#2543=CARTESIAN_POINT('',(40.2,39.95,13.));
#2544=CARTESIAN_POINT('Origin',(40.2,-39.95,13.));
#2545=CARTESIAN_POINT('',(40.2,-39.95,13.));
#2546=CARTESIAN_POINT('',(40.2,-39.95,13.));
#2547=CARTESIAN_POINT('',(40.2,-39.95,16.));
#2548=CARTESIAN_POINT('',(40.2,-39.95,16.));
#2549=CARTESIAN_POINT('',(40.2,-39.95,13.));
#2550=CARTESIAN_POINT('Origin',(37.7,-39.95,13.));
#2551=CARTESIAN_POINT('Origin',(37.7,-39.95,13.));
#2552=CARTESIAN_POINT('Origin',(37.7,-39.95,16.));
#2553=CARTESIAN_POINT('Origin',(-12.475,-14.575,13.));
#2554=CARTESIAN_POINT('',(-12.475,-14.575,13.));
#2555=CARTESIAN_POINT('',(-25.475,-14.575,13.));
#2556=CARTESIAN_POINT('',(-6.2375,-14.575,13.));
#2557=CARTESIAN_POINT('',(-12.475,-14.575,16.));
#2558=CARTESIAN_POINT('',(-12.475,-14.575,13.));
#2559=CARTESIAN_POINT('',(-25.475,-14.575,16.));
#2560=CARTESIAN_POINT('',(-6.2375,-14.575,16.));
#2561=CARTESIAN_POINT('',(-25.475,-14.575,13.));
#2562=CARTESIAN_POINT('Origin',(-12.475,-15.075,13.));
#2563=CARTESIAN_POINT('',(-11.975,-15.075,13.));
#2564=CARTESIAN_POINT('Origin',(-12.475,-15.075,13.));
#2565=CARTESIAN_POINT('',(-11.975,-15.075,16.));
#2566=CARTESIAN_POINT('',(-11.975,-15.075,13.));
#2567=CARTESIAN_POINT('Origin',(-12.475,-15.075,16.));
#2568=CARTESIAN_POINT('Origin',(-11.975,-28.075,13.));
#2569=CARTESIAN_POINT('',(-11.975,-28.075,13.));
#2570=CARTESIAN_POINT('',(-11.975,-14.0375,13.));
#2571=CARTESIAN_POINT('',(-11.975,-28.075,16.));
#2572=CARTESIAN_POINT('',(-11.975,-28.075,13.));
#2573=CARTESIAN_POINT('',(-11.975,-14.0375,16.));
#2574=CARTESIAN_POINT('Origin',(-12.475,-28.075,13.));
#2575=CARTESIAN_POINT('',(-12.475,-28.575,13.));
#2576=CARTESIAN_POINT('Origin',(-12.475,-28.075,13.));
#2577=CARTESIAN_POINT('',(-12.475,-28.575,16.));
#2578=CARTESIAN_POINT('',(-12.475,-28.575,13.));
#2579=CARTESIAN_POINT('Origin',(-12.475,-28.075,16.));
#2580=CARTESIAN_POINT('Origin',(-25.475,-28.575,13.));
#2581=CARTESIAN_POINT('',(-25.475,-28.575,13.));
#2582=CARTESIAN_POINT('',(-12.7375,-28.575,13.));
#2583=CARTESIAN_POINT('',(-25.475,-28.575,16.));
#2584=CARTESIAN_POINT('',(-25.475,-28.575,13.));
#2585=CARTESIAN_POINT('',(-12.7375,-28.575,16.));
#2586=CARTESIAN_POINT('Origin',(-25.475,-28.075,13.));
#2587=CARTESIAN_POINT('',(-25.975,-28.075,13.));
#2588=CARTESIAN_POINT('Origin',(-25.475,-28.075,13.));
#2589=CARTESIAN_POINT('',(-25.975,-28.075,16.));
#2590=CARTESIAN_POINT('',(-25.975,-28.075,13.));
#2591=CARTESIAN_POINT('Origin',(-25.475,-28.075,16.));
#2592=CARTESIAN_POINT('Origin',(-25.975,-15.075,13.));
#2593=CARTESIAN_POINT('',(-25.975,-15.075,13.));
#2594=CARTESIAN_POINT('',(-25.975,-7.5375,13.));
#2595=CARTESIAN_POINT('',(-25.975,-15.075,16.));
#2596=CARTESIAN_POINT('',(-25.975,-15.075,13.));
#2597=CARTESIAN_POINT('',(-25.975,-7.5375,16.));
#2598=CARTESIAN_POINT('Origin',(-25.475,-15.075,13.));
#2599=CARTESIAN_POINT('Origin',(-25.475,-15.075,13.));
#2600=CARTESIAN_POINT('Origin',(-25.475,-15.075,16.));
#2601=CARTESIAN_POINT('Origin',(25.625,9.819,13.));
#2602=CARTESIAN_POINT('',(25.625,9.819,13.));
#2603=CARTESIAN_POINT('',(12.625,9.819,13.));
#2604=CARTESIAN_POINT('',(12.8125,9.819,13.));
#2605=CARTESIAN_POINT('',(25.625,9.819,16.));
#2606=CARTESIAN_POINT('',(25.625,9.819,13.));
#2607=CARTESIAN_POINT('',(12.625,9.819,16.));
#2608=CARTESIAN_POINT('',(12.8125,9.819,16.));
#2609=CARTESIAN_POINT('',(12.625,9.819,13.));
#2610=CARTESIAN_POINT('Origin',(25.625,9.319,13.));
#2611=CARTESIAN_POINT('',(26.125,9.319,13.));
#2612=CARTESIAN_POINT('Origin',(25.625,9.319,13.));
#2613=CARTESIAN_POINT('',(26.125,9.319,16.));
#2614=CARTESIAN_POINT('',(26.125,9.319,13.));
#2615=CARTESIAN_POINT('Origin',(25.625,9.319,16.));
#2616=CARTESIAN_POINT('Origin',(26.125,-3.681,13.));
#2617=CARTESIAN_POINT('',(26.125,-3.681,13.));
#2618=CARTESIAN_POINT('',(26.125,-1.8405,13.));
#2619=CARTESIAN_POINT('',(26.125,-3.681,16.));
#2620=CARTESIAN_POINT('',(26.125,-3.681,13.));
#2621=CARTESIAN_POINT('',(26.125,-1.8405,16.));
#2622=CARTESIAN_POINT('Origin',(25.625,-3.681,13.));
#2623=CARTESIAN_POINT('',(25.625,-4.181,13.));
#2624=CARTESIAN_POINT('Origin',(25.625,-3.681,13.));
#2625=CARTESIAN_POINT('',(25.625,-4.181,16.));
#2626=CARTESIAN_POINT('',(25.625,-4.181,13.));
#2627=CARTESIAN_POINT('Origin',(25.625,-3.681,16.));
#2628=CARTESIAN_POINT('Origin',(12.625,-4.181,13.));
#2629=CARTESIAN_POINT('',(12.625,-4.181,13.));
#2630=CARTESIAN_POINT('',(6.3125,-4.181,13.));
#2631=CARTESIAN_POINT('',(12.625,-4.181,16.));
#2632=CARTESIAN_POINT('',(12.625,-4.181,13.));
#2633=CARTESIAN_POINT('',(6.3125,-4.181,16.));
#2634=CARTESIAN_POINT('Origin',(12.625,-3.681,13.));
#2635=CARTESIAN_POINT('',(12.125,-3.681,13.));
#2636=CARTESIAN_POINT('Origin',(12.625,-3.681,13.));
#2637=CARTESIAN_POINT('',(12.125,-3.681,16.));
#2638=CARTESIAN_POINT('',(12.125,-3.681,13.));
#2639=CARTESIAN_POINT('Origin',(12.625,-3.681,16.));
#2640=CARTESIAN_POINT('Origin',(12.125,9.319,13.));
#2641=CARTESIAN_POINT('',(12.125,9.319,13.));
#2642=CARTESIAN_POINT('',(12.125,4.6595,13.));
#2643=CARTESIAN_POINT('',(12.125,9.319,16.));
#2644=CARTESIAN_POINT('',(12.125,9.319,13.));
#2645=CARTESIAN_POINT('',(12.125,4.6595,16.));
#2646=CARTESIAN_POINT('Origin',(12.625,9.319,13.));
#2647=CARTESIAN_POINT('Origin',(12.625,9.319,13.));
#2648=CARTESIAN_POINT('Origin',(12.625,9.319,16.));
#2649=CARTESIAN_POINT('Origin',(6.575,-14.575,13.));
#2650=CARTESIAN_POINT('',(6.575,-14.575,13.));
#2651=CARTESIAN_POINT('',(-6.425,-14.575,13.));
#2652=CARTESIAN_POINT('',(3.2875,-14.575,13.));
#2653=CARTESIAN_POINT('',(6.575,-14.575,16.));
#2654=CARTESIAN_POINT('',(6.575,-14.575,13.));
#2655=CARTESIAN_POINT('',(-6.425,-14.575,16.));
#2656=CARTESIAN_POINT('',(3.2875,-14.575,16.));
#2657=CARTESIAN_POINT('',(-6.425,-14.575,13.));
#2658=CARTESIAN_POINT('Origin',(6.575,-15.075,13.));
#2659=CARTESIAN_POINT('',(7.075,-15.075,13.));
#2660=CARTESIAN_POINT('Origin',(6.575,-15.075,13.));
#2661=CARTESIAN_POINT('',(7.075,-15.075,16.));
#2662=CARTESIAN_POINT('',(7.075,-15.075,13.));
#2663=CARTESIAN_POINT('Origin',(6.575,-15.075,16.));
#2664=CARTESIAN_POINT('Origin',(7.075,-28.075,13.));
#2665=CARTESIAN_POINT('',(7.075,-28.075,13.));
#2666=CARTESIAN_POINT('',(7.075,-14.0375,13.));
#2667=CARTESIAN_POINT('',(7.075,-28.075,16.));
#2668=CARTESIAN_POINT('',(7.075,-28.075,13.));
#2669=CARTESIAN_POINT('',(7.075,-14.0375,16.));
#2670=CARTESIAN_POINT('Origin',(6.575,-28.075,13.));
#2671=CARTESIAN_POINT('',(6.575,-28.575,13.));
#2672=CARTESIAN_POINT('Origin',(6.575,-28.075,13.));
#2673=CARTESIAN_POINT('',(6.575,-28.575,16.));
#2674=CARTESIAN_POINT('',(6.575,-28.575,13.));
#2675=CARTESIAN_POINT('Origin',(6.575,-28.075,16.));
#2676=CARTESIAN_POINT('Origin',(-6.425,-28.575,13.));
#2677=CARTESIAN_POINT('',(-6.425,-28.575,13.));
#2678=CARTESIAN_POINT('',(-3.2125,-28.575,13.));
#2679=CARTESIAN_POINT('',(-6.425,-28.575,16.));
#2680=CARTESIAN_POINT('',(-6.425,-28.575,13.));
#2681=CARTESIAN_POINT('',(-3.2125,-28.575,16.));
#2682=CARTESIAN_POINT('Origin',(-6.425,-28.075,13.));
#2683=CARTESIAN_POINT('',(-6.925,-28.075,13.));
#2684=CARTESIAN_POINT('Origin',(-6.425,-28.075,13.));
#2685=CARTESIAN_POINT('',(-6.925,-28.075,16.));
#2686=CARTESIAN_POINT('',(-6.925,-28.075,13.));
#2687=CARTESIAN_POINT('Origin',(-6.425,-28.075,16.));
#2688=CARTESIAN_POINT('Origin',(-6.925,-15.075,13.));
#2689=CARTESIAN_POINT('',(-6.925,-15.075,13.));
#2690=CARTESIAN_POINT('',(-6.925,-7.5375,13.));
#2691=CARTESIAN_POINT('',(-6.925,-15.075,16.));
#2692=CARTESIAN_POINT('',(-6.925,-15.075,13.));
#2693=CARTESIAN_POINT('',(-6.925,-7.5375,16.));
#2694=CARTESIAN_POINT('Origin',(-6.425,-15.075,13.));
#2695=CARTESIAN_POINT('Origin',(-6.425,-15.075,13.));
#2696=CARTESIAN_POINT('Origin',(-6.425,-15.075,16.));
#2697=CARTESIAN_POINT('Origin',(-12.475,9.819,13.));
#2698=CARTESIAN_POINT('',(-12.475,9.819,13.));
#2699=CARTESIAN_POINT('',(-25.475,9.819,13.));
#2700=CARTESIAN_POINT('',(-6.2375,9.819,13.));
#2701=CARTESIAN_POINT('',(-12.475,9.819,16.));
#2702=CARTESIAN_POINT('',(-12.475,9.819,13.));
#2703=CARTESIAN_POINT('',(-25.475,9.819,16.));
#2704=CARTESIAN_POINT('',(-6.2375,9.819,16.));
#2705=CARTESIAN_POINT('',(-25.475,9.819,13.));
#2706=CARTESIAN_POINT('Origin',(-12.475,9.319,13.));
#2707=CARTESIAN_POINT('',(-11.975,9.319,13.));
#2708=CARTESIAN_POINT('Origin',(-12.475,9.319,13.));
#2709=CARTESIAN_POINT('',(-11.975,9.319,16.));
#2710=CARTESIAN_POINT('',(-11.975,9.319,13.));
#2711=CARTESIAN_POINT('Origin',(-12.475,9.319,16.));
#2712=CARTESIAN_POINT('Origin',(-11.975,-3.681,13.));
#2713=CARTESIAN_POINT('',(-11.975,-3.681,13.));
#2714=CARTESIAN_POINT('',(-11.975,-1.8405,13.));
#2715=CARTESIAN_POINT('',(-11.975,-3.681,16.));
#2716=CARTESIAN_POINT('',(-11.975,-3.681,13.));
#2717=CARTESIAN_POINT('',(-11.975,-1.8405,16.));
#2718=CARTESIAN_POINT('Origin',(-12.475,-3.681,13.));
#2719=CARTESIAN_POINT('',(-12.475,-4.181,13.));
#2720=CARTESIAN_POINT('Origin',(-12.475,-3.681,13.));
#2721=CARTESIAN_POINT('',(-12.475,-4.181,16.));
#2722=CARTESIAN_POINT('',(-12.475,-4.181,13.));
#2723=CARTESIAN_POINT('Origin',(-12.475,-3.681,16.));
#2724=CARTESIAN_POINT('Origin',(-25.475,-4.181,13.));
#2725=CARTESIAN_POINT('',(-25.475,-4.181,13.));
#2726=CARTESIAN_POINT('',(-12.7375,-4.181,13.));
#2727=CARTESIAN_POINT('',(-25.475,-4.181,16.));
#2728=CARTESIAN_POINT('',(-25.475,-4.181,13.));
#2729=CARTESIAN_POINT('',(-12.7375,-4.181,16.));
#2730=CARTESIAN_POINT('Origin',(-25.475,-3.681,13.));
#2731=CARTESIAN_POINT('',(-25.975,-3.681,13.));
#2732=CARTESIAN_POINT('Origin',(-25.475,-3.681,13.));
#2733=CARTESIAN_POINT('',(-25.975,-3.681,16.));
#2734=CARTESIAN_POINT('',(-25.975,-3.681,13.));
#2735=CARTESIAN_POINT('Origin',(-25.475,-3.681,16.));
#2736=CARTESIAN_POINT('Origin',(-25.975,9.319,13.));
#2737=CARTESIAN_POINT('',(-25.975,9.319,13.));
#2738=CARTESIAN_POINT('',(-25.975,4.6595,13.));
#2739=CARTESIAN_POINT('',(-25.975,9.319,16.));
#2740=CARTESIAN_POINT('',(-25.975,9.319,13.));
#2741=CARTESIAN_POINT('',(-25.975,4.6595,16.));
#2742=CARTESIAN_POINT('Origin',(-25.475,9.319,13.));
#2743=CARTESIAN_POINT('Origin',(-25.475,9.319,13.));
#2744=CARTESIAN_POINT('Origin',(-25.475,9.319,16.));
#2745=CARTESIAN_POINT('Origin',(6.575,9.819,13.));
#2746=CARTESIAN_POINT('',(6.575,9.819,13.));
#2747=CARTESIAN_POINT('',(-6.425,9.819,13.));
#2748=CARTESIAN_POINT('',(3.2875,9.819,13.));
#2749=CARTESIAN_POINT('',(6.575,9.819,16.));
#2750=CARTESIAN_POINT('',(6.575,9.819,13.));
#2751=CARTESIAN_POINT('',(-6.425,9.819,16.));
#2752=CARTESIAN_POINT('',(3.2875,9.819,16.));
#2753=CARTESIAN_POINT('',(-6.425,9.819,13.));
#2754=CARTESIAN_POINT('Origin',(6.575,9.319,13.));
#2755=CARTESIAN_POINT('',(7.075,9.319,13.));
#2756=CARTESIAN_POINT('Origin',(6.575,9.319,13.));
#2757=CARTESIAN_POINT('',(7.075,9.319,16.));
#2758=CARTESIAN_POINT('',(7.075,9.319,13.));
#2759=CARTESIAN_POINT('Origin',(6.575,9.319,16.));
#2760=CARTESIAN_POINT('Origin',(7.075,-3.681,13.));
#2761=CARTESIAN_POINT('',(7.075,-3.681,13.));
#2762=CARTESIAN_POINT('',(7.075,-1.8405,13.));
#2763=CARTESIAN_POINT('',(7.075,-3.681,16.));
#2764=CARTESIAN_POINT('',(7.075,-3.681,13.));
#2765=CARTESIAN_POINT('',(7.075,-1.8405,16.));
#2766=CARTESIAN_POINT('Origin',(6.575,-3.681,13.));
#2767=CARTESIAN_POINT('',(6.575,-4.181,13.));
#2768=CARTESIAN_POINT('Origin',(6.575,-3.681,13.));
#2769=CARTESIAN_POINT('',(6.575,-4.181,16.));
#2770=CARTESIAN_POINT('',(6.575,-4.181,13.));
#2771=CARTESIAN_POINT('Origin',(6.575,-3.681,16.));
#2772=CARTESIAN_POINT('Origin',(-6.425,-4.181,13.));
#2773=CARTESIAN_POINT('',(-6.425,-4.181,13.));
#2774=CARTESIAN_POINT('',(-3.2125,-4.181,13.));
#2775=CARTESIAN_POINT('',(-6.425,-4.181,16.));
#2776=CARTESIAN_POINT('',(-6.425,-4.181,13.));
#2777=CARTESIAN_POINT('',(-3.2125,-4.181,16.));
#2778=CARTESIAN_POINT('Origin',(-6.425,-3.681,13.));
#2779=CARTESIAN_POINT('',(-6.925,-3.681,13.));
#2780=CARTESIAN_POINT('Origin',(-6.425,-3.681,13.));
#2781=CARTESIAN_POINT('',(-6.925,-3.681,16.));
#2782=CARTESIAN_POINT('',(-6.925,-3.681,13.));
#2783=CARTESIAN_POINT('Origin',(-6.425,-3.681,16.));
#2784=CARTESIAN_POINT('Origin',(-6.925,9.319,13.));
#2785=CARTESIAN_POINT('',(-6.925,9.319,13.));
#2786=CARTESIAN_POINT('',(-6.925,4.6595,13.));
#2787=CARTESIAN_POINT('',(-6.925,9.319,16.));
#2788=CARTESIAN_POINT('',(-6.925,9.319,13.));
#2789=CARTESIAN_POINT('',(-6.925,4.6595,16.));
#2790=CARTESIAN_POINT('Origin',(-6.425,9.319,13.));
#2791=CARTESIAN_POINT('Origin',(-6.425,9.319,13.));
#2792=CARTESIAN_POINT('Origin',(-6.425,9.319,16.));
#2793=CARTESIAN_POINT('Origin',(25.625,-14.575,13.));
#2794=CARTESIAN_POINT('',(25.625,-14.575,13.));
#2795=CARTESIAN_POINT('',(12.625,-14.575,13.));
#2796=CARTESIAN_POINT('',(12.8125,-14.575,13.));
#2797=CARTESIAN_POINT('',(25.625,-14.575,16.));
#2798=CARTESIAN_POINT('',(25.625,-14.575,13.));
#2799=CARTESIAN_POINT('',(12.625,-14.575,16.));
#2800=CARTESIAN_POINT('',(12.8125,-14.575,16.));
#2801=CARTESIAN_POINT('',(12.625,-14.575,13.));
#2802=CARTESIAN_POINT('Origin',(25.625,-15.075,13.));
#2803=CARTESIAN_POINT('',(26.125,-15.075,13.));
#2804=CARTESIAN_POINT('Origin',(25.625,-15.075,13.));
#2805=CARTESIAN_POINT('',(26.125,-15.075,16.));
#2806=CARTESIAN_POINT('',(26.125,-15.075,13.));
#2807=CARTESIAN_POINT('Origin',(25.625,-15.075,16.));
#2808=CARTESIAN_POINT('Origin',(26.125,-28.075,13.));
#2809=CARTESIAN_POINT('',(26.125,-28.075,13.));
#2810=CARTESIAN_POINT('',(26.125,-14.0375,13.));
#2811=CARTESIAN_POINT('',(26.125,-28.075,16.));
#2812=CARTESIAN_POINT('',(26.125,-28.075,13.));
#2813=CARTESIAN_POINT('',(26.125,-14.0375,16.));
#2814=CARTESIAN_POINT('Origin',(25.625,-28.075,13.));
#2815=CARTESIAN_POINT('',(25.625,-28.575,13.));
#2816=CARTESIAN_POINT('Origin',(25.625,-28.075,13.));
#2817=CARTESIAN_POINT('',(25.625,-28.575,16.));
#2818=CARTESIAN_POINT('',(25.625,-28.575,13.));
#2819=CARTESIAN_POINT('Origin',(25.625,-28.075,16.));
#2820=CARTESIAN_POINT('Origin',(12.625,-28.575,13.));
#2821=CARTESIAN_POINT('',(12.625,-28.575,13.));
#2822=CARTESIAN_POINT('',(6.3125,-28.575,13.));
#2823=CARTESIAN_POINT('',(12.625,-28.575,16.));
#2824=CARTESIAN_POINT('',(12.625,-28.575,13.));
#2825=CARTESIAN_POINT('',(6.3125,-28.575,16.));
#2826=CARTESIAN_POINT('Origin',(12.625,-28.075,13.));
#2827=CARTESIAN_POINT('',(12.125,-28.075,13.));
#2828=CARTESIAN_POINT('Origin',(12.625,-28.075,13.));
#2829=CARTESIAN_POINT('',(12.125,-28.075,16.));
#2830=CARTESIAN_POINT('',(12.125,-28.075,13.));
#2831=CARTESIAN_POINT('Origin',(12.625,-28.075,16.));
#2832=CARTESIAN_POINT('Origin',(12.125,-15.075,13.));
#2833=CARTESIAN_POINT('',(12.125,-15.075,13.));
#2834=CARTESIAN_POINT('',(12.125,-7.5375,13.));
#2835=CARTESIAN_POINT('',(12.125,-15.075,16.));
#2836=CARTESIAN_POINT('',(12.125,-15.075,13.));
#2837=CARTESIAN_POINT('',(12.125,-7.5375,16.));
#2838=CARTESIAN_POINT('Origin',(12.625,-15.075,13.));
#2839=CARTESIAN_POINT('Origin',(12.625,-15.075,13.));
#2840=CARTESIAN_POINT('Origin',(12.625,-15.075,16.));
#2841=CARTESIAN_POINT('Origin',(0.,0.,16.));
#2842=CARTESIAN_POINT('Origin',(0.,0.,13.));
#2843=UNCERTAINTY_MEASURE_WITH_UNIT(LENGTH_MEASURE(0.01),#2847,
'DISTANCE_ACCURACY_VALUE',
'Maximum model space distance between geometric entities at asserted c
onnectivities');
#2844=UNCERTAINTY_MEASURE_WITH_UNIT(LENGTH_MEASURE(0.01),#2847,
'DISTANCE_ACCURACY_VALUE',
'Maximum model space distance between geometric entities at asserted c
onnectivities');
#2845=(
GEOMETRIC_REPRESENTATION_CONTEXT(3)
GLOBAL_UNCERTAINTY_ASSIGNED_CONTEXT((#2843))
GLOBAL_UNIT_ASSIGNED_CONTEXT((#2847,#2849,#2850))
REPRESENTATION_CONTEXT('','3D')
);
#2846=(
GEOMETRIC_REPRESENTATION_CONTEXT(3)
GLOBAL_UNCERTAINTY_ASSIGNED_CONTEXT((#2844))
GLOBAL_UNIT_ASSIGNED_CONTEXT((#2847,#2849,#2850))
REPRESENTATION_CONTEXT('','3D')
);
#2847=(
LENGTH_UNIT()
NAMED_UNIT(*)
SI_UNIT(.MILLI.,.METRE.)
);
#2848=(
LENGTH_UNIT()
NAMED_UNIT(*)
SI_UNIT($,.METRE.)
);
#2849=(
NAMED_UNIT(*)
PLANE_ANGLE_UNIT()
SI_UNIT($,.RADIAN.)
);
#2850=(
NAMED_UNIT(*)
SI_UNIT($,.STERADIAN.)
SOLID_ANGLE_UNIT()
);
#2851=SHAPE_DEFINITION_REPRESENTATION(#2852,#2853);
#2852=PRODUCT_DEFINITION_SHAPE('',$,#2855);
#2853=SHAPE_REPRESENTATION('',(#1703),#2845);
#2854=PRODUCT_DEFINITION_CONTEXT('part definition',#2859,'design');
#2855=PRODUCT_DEFINITION('2026-08-15-19-19-58-362','HackPad Case',#2856,
#2854);
#2856=PRODUCT_DEFINITION_FORMATION('',$,#2861);
#2857=PRODUCT_RELATED_PRODUCT_CATEGORY('HackPad Case','HackPad Case',(#2861));
#2858=APPLICATION_PROTOCOL_DEFINITION('international standard',
'automotive_design',2009,#2859);
#2859=APPLICATION_CONTEXT(
'Core Data for Automotive Mechanical Design Process');
#2860=PRODUCT_CONTEXT('part definition',#2859,'mechanical');
#2861=PRODUCT('2026-08-15-19-19-58-362','HackPad Case',$,(#2860));
#2862=PRESENTATION_STYLE_ASSIGNMENT((#2863));
#2863=SURFACE_STYLE_USAGE(.BOTH.,#2864);
#2864=SURFACE_SIDE_STYLE('',(#2865));
#2865=SURFACE_STYLE_FILL_AREA(#2866);
#2866=FILL_AREA_STYLE('Steel - Satin',(#2867));
#2867=FILL_AREA_STYLE_COLOUR('Steel - Satin',#2868);
#2868=COLOUR_RGB('Steel - Satin',0.627450980392157,0.627450980392157,0.627450980392157);
ENDSEC;
END-ISO-10303-21;
